,capacity,capacity,capacity,capacity,capacity,occupancy,occupancy,occupancy,occupancy,occupancy,vacancy,vacancy,vacancy,vacancy,vacancy
sector,Co-ed,Families,Men,Women,Youth,Co-ed,Families,Men,Women,Youth,Co-ed,Families,Men,Women,Youth
Date,,,,,,,,,,,,,,,
2017-01-01,582,1150,1706,697,518,530,1030,1595,641,499,52,120,111,56,19
2017-01-02,582,1156,1751,697,518,458,1029,1655,661,496,124,127,96,36,22
2017-01-03,582,1156,1780,697,518,457,1118,1664,651,496,125,38,116,46,22
2017-01-04,612,1331,1792,685,518,559,1204,1678,661,498,53,127,114,24,20
2017-01-05,622,1382,1792,697,518,488,1362,1697,677,505,134,20,95,20,13
2017-01-06,622,1442,1775,697,518,483,1467,1679,679,495,139,-25,96,18,23
2017-01-07,626,1582,1751,707,518,559,1546,1645,692,497,67,36,106,15,21
2017-01-08,626,1816,1740,697,518,485,1591,1638,686,511,141,225,102,11,7
2017-01-09,626,1711,1729,697,518,470,1679,1659,684,502,156,32,70,13,16
2017-01-10,594,1821,1739,696,518,546,1751,1690,677,512,48,70,49,19,6
2017-01-11,586,1941,1751,727,518,478,1873,1666,717,510,108,68,85,10,8
2017-01-12,584,1927,1814,731,518,550,1922,1685,717,491,34,5,129,14,27
2017-01-13,582,1156,1746,697,518,545,1062,1626,670,507,37,94,120,27,11
2017-01-14,582,1156,1746,697,518,544,1063,1642,662,500,38,93,104,35,18
2017-01-15,582,1156,1746,697,518,541,1064,1638,667,504,41,92,108,30,14
2017-01-16,582,1156,1746,697,518,459,1068,1639,667,502,123,88,107,30,16
2017-01-17,582,1156,1746,697,518,461,1065,1645,666,501,121,91,101,31,17
2017-01-18,582,1156,1746,697,518,458,1076,1660,669,501,124,80,86,28,17
2017-01-19,582,1156,1746,697,518,459,1078,1656,665,501,123,78,90,32,17
2017-01-20,582,1156,1746,697,518,543,1067,1666,662,494,39,89,80,35,24
2017-01-21,582,1156,1746,697,518,544,1064,1649,660,499,38,92,97,37,19
2017-01-22,582,1156,1746,697,518,539,1066,1668,662,489,43,90,78,35,29
2017-01-23,582,1156,1746,697,518,458,1068,1674,660,494,124,88,72,37,24
2017-01-24,582,1156,1746,697,518,459,1071,1674,661,496,123,85,72,36,22
2017-01-25,582,1156,1756,697,518,457,1067,1671,668,501,125,89,85,29,17
2017-01-26,582,1156,1756,697,518,460,1071,1666,656,496,122,85,90,41,22
2017-01-27,582,1156,1756,697,518,544,1071,1639,656,492,38,85,117,41,26
2017-01-28,582,1156,1756,697,518,544,1073,1645,662,492,38,83,111,35,26
2017-01-29,582,1156,1756,697,518,539,1073,1654,663,495,43,83,102,34,23
2017-01-30,582,1156,1761,697,518,459,1063,1669,662,497,123,93,92,35,21
2017-01-31,582,1156,1746,697,518,462,1062,1642,663,498,120,94,104,34,20
2017-02-01,582,1150,1706,697,518,521,1033,1599,635,501,61,117,107,62,17
2017-02-02,582,1156,1751,697,518,456,1028,1659,665,499,126,128,92,32,19
2017-02-03,582,1156,1780,697,518,453,1120,1663,646,497,129,36,117,51,21
2017-02-04,612,1331,1792,685,518,554,1198,1647,664,495,58,133,145,21,23
2017-02-05,622,1382,1792,697,518,490,1354,1697,680,505,132,28,95,17,13
2017-02-06,622,1442,1775,697,518,483,1456,1674,676,499,139,-14,101,21,19
2017-02-07,626,1582,1751,707,518,571,1525,1651,693,504,55,57,100,14,14
2017-02-08,626,1816,1739,697,518,479,1605,1617,684,510,147,211,122,13,8
2017-02-09,626,1711,1729,697,518,542,1663,1657,687,504,84,48,72,10,14
2017-02-10,594,1821,1749,701,518,474,1742,1699,686,511,120,79,50,15,7
2017-02-11,586,1941,1751,727,518,479,1899,1664,719,510,107,42,87,8,8
2017-02-12,586,1927,1814,731,518,557,1907,1660,718,493,29,20,154,13,25
2017-02-13,582,1156,1772,697,518,457,1093,1694,662,493,125,63,78,35,25
2017-02-14,582,1156,1772,697,518,456,1104,1686,661,494,126,52,86,36,24
2017-02-15,582,1156,1772,697,518,460,1095,1689,656,503,122,61,83,41,15
2017-02-16,582,1156,1772,697,518,460,1103,1683,659,498,122,53,89,38,20
2017-02-17,582,1156,1772,697,518,541,1106,1673,654,503,41,50,99,43,15
2017-02-18,582,1156,1772,697,518,541,1110,1659,657,503,41,46,113,40,15
2017-02-19,582,1156,1772,697,518,534,1110,1657,655,502,48,46,115,42,16
2017-02-20,582,1156,1772,697,518,458,1119,1675,662,503,124,37,97,35,15
2017-02-21,582,1156,1778,697,518,459,1112,1677,663,504,123,44,101,34,14
2017-02-22,582,1156,1778,697,518,457,1120,1674,669,505,125,36,104,28,13
2017-02-23,582,1156,1784,697,518,459,1135,1659,672,504,123,21,125,25,14
2017-02-24,582,1156,1784,697,518,529,1156,1661,669,504,53,0,123,28,14
2017-02-25,582,1156,1784,697,518,529,1153,1648,660,507,53,3,136,37,11
2017-02-26,582,1156,1784,697,518,526,1156,1651,670,504,56,0,133,27,14
2017-02-27,582,1156,1774,697,518,441,1155,1673,671,504,141,1,101,26,14
2017-02-28,582,1156,1774,697,518,443,1166,1676,664,495,139,-10,98,33,23
2017-03-01,582,1150,1706,697,518,518,1041,1598,642,497,64,109,108,55,21
2017-03-02,582,1156,1756,697,518,537,1035,1674,667,499,45,121,82,30,19
2017-03-03,582,1156,1780,697,518,542,1121,1679,650,497,40,35,101,47,21
2017-03-04,612,1331,1792,685,518,545,1196,1659,665,503,67,135,133,20,15
2017-03-05,622,1382,1792,697,518,492,1355,1697,680,507,130,27,95,17,11
2017-03-06,622,1442,1775,697,518,559,1452,1672,670,490,63,-10,103,27,28
2017-03-07,626,1582,1751,707,518,488,1517,1665,691,498,138,65,86,16,20
2017-03-08,626,1711,1739,697,518,487,1629,1629,688,508,139,82,110,9,10
2017-03-09,626,1711,1729,697,518,551,1663,1663,689,504,75,48,66,8,14
2017-03-10,594,1821,1749,706,518,476,1762,1693,690,511,118,59,56,16,7
2017-03-11,586,1941,1751,727,518,559,1898,1681,717,505,27,43,70,10,13
2017-03-12,586,1927,1814,731,518,557,1910,1685,718,502,29,17,129,13,16
2017-03-13,582,1156,1780,685,518,457,1155,1689,676,498,125,1,91,9,20
2017-03-14,582,1156,1780,685,518,458,1161,1714,676,494,124,-5,66,9,24
2017-03-15,582,1156,1780,685,518,461,1154,1719,676,502,121,2,61,9,16
2017-03-16,582,1156,1780,685,518,461,1161,1690,668,496,121,-5,90,17,22
2017-03-17,582,1156,1780,685,518,537,1180,1717,671,500,45,-24,63,14,18
2017-03-18,582,1156,1780,685,518,542,1166,1703,674,493,40,-10,77,11,25
2017-03-19,582,1156,1780,685,518,540,1174,1683,665,489,42,-18,97,20,29
2017-03-20,582,1156,1780,685,518,455,1183,1702,672,491,127,-27,78,13,27
2017-03-21,582,1156,1780,685,518,458,1186,1715,671,496,124,-30,65,14,22
2017-03-22,582,1156,1780,685,518,459,1195,1712,668,493,123,-39,68,17,25
2017-03-23,582,1156,1780,685,518,459,1197,1700,666,499,123,-41,80,19,19
2017-03-24,602,1236,1780,685,518,545,1212,1701,667,500,57,24,79,18,18
2017-03-25,602,1236,1780,685,518,542,1215,1695,664,500,60,21,85,21,18
2017-03-26,602,1236,1780,685,518,541,1221,1691,665,497,61,15,89,20,21
2017-03-27,602,1236,1780,685,518,458,1238,1695,667,490,144,-2,85,18,28
2017-03-28,602,1236,1780,685,518,463,1240,1691,669,494,139,-4,89,16,24
2017-03-29,602,1236,1780,685,518,468,1244,1683,662,496,134,-8,97,23,22
2017-03-30,602,1236,1780,685,518,468,1259,1706,663,501,134,-23,74,22,17
2017-03-31,612,1331,1792,685,518,557,1250,1670,662,503,55,81,122,23,15
2017-04-01,582,1150,1706,697,518,518,1035,1622,645,499,64,115,84,52,19
2017-04-02,582,1156,1756,697,518,543,1044,1666,664,492,39,112,90,33,26
2017-04-03,582,1156,1780,697,518,546,1123,1686,658,497,36,33,94,39,21
2017-04-04,612,1331,1792,685,518,473,1199,1675,664,507,139,132,117,21,11
2017-04-05,622,1382,1788,697,518,488,1350,1705,680,507,134,32,83,17,11
2017-04-06,622,1442,1775,697,518,570,1444,1676,677,493,52,-2,99,20,25
2017-04-07,626,1582,1751,707,518,484,1504,1643,694,500,142,78,108,13,18
2017-04-08,626,1711,1739,697,518,487,1627,1657,690,506,139,84,82,7,12
2017-04-09,626,1711,1729,697,518,476,1661,1670,684,507,150,50,59,13,11
2017-04-10,586,1821,1749,711,518,471,1783,1683,694,502,115,38,66,17,16
2017-04-11,586,1941,1751,727,518,560,1888,1690,719,511,26,53,61,8,7
2017-04-12,586,1927,1814,731,518,479,1914,1671,722,499,107,13,143,9,19
2017-04-13,612,1331,1792,685,518,487,1279,1694,670,504,125,52,98,15,14
2017-04-14,612,1331,1792,685,518,572,1283,1705,667,504,40,48,87,18,14
2017-04-15,612,1331,1792,685,518,572,1285,1706,667,501,40,46,86,18,17
2017-04-16,612,1331,1792,685,518,573,1291,1703,666,503,39,40,89,19,15
2017-04-17,612,1331,1792,685,518,487,1283,1733,667,506,125,48,59,18,12
2017-04-18,612,1331,1792,685,518,488,1296,1702,665,504,124,35,90,20,14
2017-04-19,622,1367,1792,685,518,487,1323,1705,671,499,135,44,87,14,19
2017-04-20,622,1367,1792,685,518,484,1328,1712,671,506,138,39,80,14,12
2017-04-21,622,1367,1792,697,518,571,1328,1714,671,511,51,39,78,26,7
2017-04-22,622,1367,1792,697,518,568,1335,1700,675,508,54,32,92,22,10
2017-04-23,622,1367,1792,697,518,567,1347,1709,676,498,55,20,83,21,20
2017-04-24,622,1367,1792,697,518,487,1374,1726,678,500,135,-7,66,19,18
2017-04-25,622,1382,1792,697,518,490,1382,1717,679,503,132,0,75,18,15
2017-04-26,622,1382,1792,697,518,490,1375,1700,674,504,132,7,92,23,14
2017-04-27,622,1382,1792,697,518,487,1383,1691,676,505,135,-1,101,21,13
2017-04-28,622,1382,1792,697,518,568,1383,1696,676,509,54,-1,96,21,9
2017-04-29,622,1382,1792,697,518,574,1370,1687,683,507,48,12,105,14,11
2017-04-30,622,1382,1792,697,518,576,1374,1694,680,507,46,8,98,17,11
2017-05-01,582,1150,1706,697,518,520,1040,1621,646,501,62,110,85,51,17
2017-05-02,582,1156,1756,697,518,533,1043,1656,661,496,49,113,100,36,22
2017-05-03,582,1156,1780,697,518,540,1112,1666,659,500,42,44,114,38,18
2017-05-04,612,1331,1792,685,518,478,1192,1678,665,502,134,139,114,20,16
2017-05-05,622,1382,1788,697,518,574,1362,1709,681,501,48,20,79,16,17
2017-05-06,622,1582,1775,697,518,487,1441,1698,684,496,135,141,77,13,22
2017-05-07,626,1582,1751,707,518,484,1521,1638,693,500,142,61,113,14,18
2017-05-08,626,1711,1739,697,518,568,1640,1647,690,504,58,71,92,7,14
2017-05-09,626,1711,1729,697,518,472,1662,1658,687,504,154,49,71,10,14
2017-05-10,586,1821,1749,716,518,473,1800,1685,702,505,113,21,64,14,13
2017-05-11,586,1941,1751,727,518,559,1880,1684,720,511,27,61,67,7,7
2017-05-12,586,1927,1814,731,518,478,1909,1688,714,502,108,18,126,17,16
2017-05-13,622,1382,1788,697,518,573,1370,1688,685,505,49,12,100,12,13
2017-05-14,622,1382,1788,697,518,573,1368,1714,688,508,49,14,74,9,10
2017-05-15,622,1382,1788,697,518,492,1355,1720,680,506,130,27,68,17,12
2017-05-16,622,1382,1788,697,518,490,1376,1705,679,506,132,6,83,18,12
2017-05-17,622,1442,1788,697,518,488,1364,1715,677,499,134,78,73,20,19
2017-05-18,622,1442,1788,697,518,491,1383,1694,678,505,131,59,94,19,13
2017-05-19,622,1442,1788,697,518,572,1388,1702,676,507,50,54,86,21,11
2017-05-20,622,1442,1788,697,518,574,1404,1692,681,507,48,38,96,16,11
2017-05-21,622,1442,1788,697,518,573,1408,1687,678,510,49,34,101,19,8
2017-05-22,622,1442,1788,697,518,490,1412,1712,676,508,132,30,76,21,10
2017-05-23,622,1442,1788,697,518,490,1424,1706,678,506,132,18,82,19,12
2017-05-24,622,1442,1788,697,518,491,1430,1702,681,506,131,12,86,16,12
2017-05-25,622,1442,1778,697,518,489,1429,1720,681,503,133,13,58,16,15
2017-05-26,622,1442,1778,697,518,568,1465,1689,682,497,54,-23,89,15,21
2017-05-27,622,1442,1778,697,518,562,1465,1700,679,502,60,-23,78,18,16
2017-05-28,622,1442,1778,697,518,569,1457,1685,684,503,53,-15,93,13,15
2017-05-29,622,1442,1778,697,518,485,1468,1693,680,505,137,-26,85,17,13
2017-05-30,622,1442,1778,697,518,487,1472,1695,674,503,135,-30,83,23,15
2017-05-31,622,1442,1775,697,518,485,1476,1673,681,495,137,-34,102,16,23
2017-06-01,582,1150,1706,697,518,548,1034,1630,652,505,34,116,76,45,13
2017-06-02,582,1156,1761,697,518,455,1061,1653,659,496,127,95,108,38,22
2017-06-03,582,1156,1780,697,518,452,1130,1681,661,502,130,26,99,36,16
2017-06-04,612,1331,1792,685,518,484,1203,1701,657,510,128,128,91,28,8
2017-06-05,622,1382,1788,697,518,575,1358,1712,686,505,47,24,76,11,13
2017-06-06,622,1582,1775,697,518,483,1453,1696,688,492,139,129,79,9,26
2017-06-07,626,1582,1751,707,518,489,1527,1638,692,500,137,55,113,15,18
2017-06-08,626,1711,1739,697,518,567,1643,1628,690,503,59,68,111,7,15
2017-06-09,618,1711,1729,696,518,472,1674,1660,692,506,146,37,69,4,12
2017-06-10,586,1821,1751,726,518,554,1816,1673,701,506,32,5,78,25,12
2017-06-11,586,1941,1751,727,518,475,1870,1704,716,513,111,71,47,11,5
2017-06-12,586,1927,1814,731,518,483,1908,1699,713,502,103,19,115,18,16
2017-06-13,622,1582,1745,697,518,482,1471,1672,686,492,140,111,73,11,26
2017-06-14,622,1582,1745,697,518,483,1468,1694,688,498,139,114,51,9,20
2017-06-15,622,1582,1745,697,518,484,1501,1684,684,496,138,81,61,13,22
2017-06-16,622,1582,1745,697,518,485,1484,1681,681,501,137,98,64,16,17
2017-06-17,622,1582,1745,697,518,569,1493,1661,693,502,53,89,84,4,16
2017-06-18,622,1582,1745,697,518,570,1493,1659,689,495,52,89,86,8,23
2017-06-19,622,1582,1745,697,518,553,1491,1682,691,497,69,91,63,6,21
2017-06-20,622,1582,1739,697,518,551,1498,1685,693,504,71,84,54,4,14
2017-06-21,622,1582,1739,697,518,548,1511,1680,691,499,74,71,59,6,19
2017-06-22,626,1582,1739,697,518,543,1514,1683,687,505,83,68,56,10,13
2017-06-23,626,1582,1751,707,518,547,1527,1678,686,505,79,55,73,21,13
2017-06-24,626,1582,1751,707,518,577,1532,1668,686,507,49,50,83,21,11
2017-06-25,626,1582,1751,707,518,577,1524,1679,690,498,49,58,72,17,20
2017-06-26,626,1582,1751,707,518,493,1543,1691,690,500,133,39,60,17,18
2017-06-27,626,1582,1751,707,518,490,1550,1695,691,494,136,32,56,16,24
2017-06-28,626,1582,1751,707,518,488,1552,1697,692,498,138,30,54,15,20
2017-06-29,626,1582,1751,707,518,486,1544,1684,692,496,140,38,67,15,22
2017-06-30,626,1582,1751,707,518,488,1540,1644,693,501,138,42,107,14,17
2017-07-01,582,1150,1706,697,518,547,1039,1644,656,509,35,111,62,41,9
2017-07-02,582,1156,1766,697,518,453,1053,1681,652,493,129,103,85,45,25
2017-07-03,582,1156,1780,685,518,460,1142,1676,664,499,122,14,104,21,19
2017-07-04,612,1331,1792,685,518,571,1200,1682,666,507,41,131,110,19,11
2017-07-05,622,1382,1788,697,518,575,1356,1716,681,494,47,26,72,16,24
2017-07-06,622,1582,1775,697,518,485,1458,1704,691,496,137,124,71,6,22
2017-07-07,626,1582,1751,707,518,489,1531,1639,694,491,137,51,112,13,27
2017-07-08,626,1711,1739,697,518,481,1630,1653,684,505,145,81,86,13,13
2017-07-09,618,1711,1729,696,518,473,1684,1663,684,508,145,27,66,12,10
2017-07-10,586,1821,1751,726,518,561,1805,1684,698,502,25,16,67,28,16
2017-07-11,586,1941,1801,727,518,476,1893,1741,718,512,110,48,60,9,6
2017-07-12,586,1927,1814,731,518,480,1907,1698,715,505,106,20,116,16,13
2017-07-13,626,1582,1747,707,518,488,1532,1676,682,503,138,50,71,25,15
2017-07-14,626,1582,1747,707,518,487,1525,1667,691,499,139,57,80,16,19
2017-07-15,626,1582,1747,707,518,562,1529,1644,694,497,64,53,103,13,21
2017-07-16,626,1582,1747,707,518,574,1532,1656,690,498,52,50,91,17,20
2017-07-17,626,1582,1747,707,518,486,1534,1656,681,491,140,48,91,26,27
2017-07-18,626,1816,1744,707,518,485,1544,1657,685,497,141,272,87,22,21
2017-07-19,626,1816,1744,707,518,485,1542,1665,688,503,141,274,79,19,15
2017-07-20,626,1816,1744,707,518,485,1552,1663,687,498,141,264,81,20,20
2017-07-21,626,1816,1744,707,518,488,1568,1663,692,494,138,248,81,15,24
2017-07-22,626,1816,1744,707,518,571,1569,1655,688,494,55,247,89,19,24
2017-07-23,626,1816,1744,707,518,573,1561,1654,689,497,53,255,90,18,21
2017-07-24,626,1816,1753,707,518,486,1564,1672,684,492,140,252,81,23,26
2017-07-25,626,1816,1753,707,518,487,1588,1664,685,503,139,228,89,22,15
2017-07-26,626,1816,1750,707,518,488,1604,1655,689,505,138,212,95,18,13
2017-07-27,626,1816,1750,707,518,487,1618,1650,690,508,139,198,100,17,10
2017-07-28,626,1816,1750,707,518,488,1628,1659,683,508,138,188,91,24,10
2017-07-29,626,1816,1750,707,518,570,1621,1643,686,507,56,195,107,21,11
2017-07-30,626,1816,1750,707,518,569,1625,1633,684,502,57,191,117,23,16
2017-07-31,626,1816,1750,697,518,488,1612,1627,688,506,138,204,123,9,12
2017-08-01,582,1150,1706,697,518,547,1049,1608,656,509,35,101,98,41,9
2017-08-02,582,1156,1772,697,518,452,1067,1698,656,500,130,89,74,41,18
2017-08-03,582,1156,1780,685,518,461,1155,1678,663,501,121,1,102,22,17
2017-08-04,612,1331,1792,685,518,571,1203,1685,664,503,41,128,107,21,15
2017-08-05,622,1382,1788,697,518,489,1342,1720,685,500,133,40,68,12,18
2017-08-06,622,1582,1771,697,518,488,1462,1682,684,492,134,120,89,13,26
2017-08-07,626,1582,1751,707,518,566,1537,1625,690,496,60,45,126,17,22
2017-08-08,626,1711,1739,697,518,480,1631,1647,690,491,146,80,92,7,27
2017-08-09,618,1711,1729,696,518,474,1694,1659,684,504,144,17,70,12,14
2017-08-10,586,1821,1751,726,518,559,1803,1697,697,503,27,18,54,29,15
2017-08-11,586,1941,1814,727,518,476,1911,1726,715,512,110,30,88,12,6
2017-08-12,586,1927,1814,731,518,566,1908,1696,710,504,20,19,118,21,14
2017-08-13,626,1711,1729,697,518,565,1608,1656,688,500,61,103,73,9,18
2017-08-14,626,1711,1729,697,518,483,1636,1663,689,504,143,75,66,8,14
2017-08-15,626,1711,1729,697,518,482,1630,1660,693,507,144,81,69,4,11
2017-08-16,626,1711,1729,697,518,483,1633,1664,689,508,143,78,65,8,10
2017-08-17,626,1711,1729,697,518,478,1630,1664,691,506,148,81,65,6,12
2017-08-18,626,1711,1729,697,518,481,1641,1657,691,508,145,70,72,6,10
2017-08-19,626,1711,1729,697,518,562,1642,1656,689,504,64,69,73,8,14
2017-08-20,626,1711,1729,697,518,565,1651,1658,690,502,61,60,71,7,16
2017-08-21,626,1711,1729,697,518,481,1657,1658,689,504,145,54,71,8,14
2017-08-22,626,1711,1729,697,518,479,1666,1671,686,507,147,45,58,11,11
2017-08-23,626,1711,1729,697,518,481,1668,1674,687,504,145,43,55,10,14
2017-08-24,626,1711,1729,697,518,482,1679,1671,696,509,144,32,58,1,9
2017-08-25,626,1711,1729,697,518,483,1683,1655,685,506,143,28,74,12,12
2017-08-26,626,1711,1729,697,518,568,1683,1668,685,509,58,28,61,12,9
2017-08-27,626,1711,1729,697,518,563,1691,1652,685,501,63,20,77,12,17
2017-08-28,626,1711,1729,697,518,482,1677,1661,689,495,144,34,68,8,23
2017-08-29,626,1711,1729,697,518,483,1692,1655,684,494,143,19,74,13,24
2017-08-30,626,1711,1729,697,518,475,1706,1660,688,503,151,5,69,9,15
2017-08-31,626,1711,1729,697,518,479,1687,1647,691,504,147,24,82,6,14
2017-09-01,582,1150,1706,697,518,462,1040,1602,654,503,120,110,104,43,15
2017-09-02,582,1156,1772,697,518,453,1077,1696,655,501,129,79,76,42,17
2017-09-03,582,1156,1780,685,518,459,1152,1677,668,504,123,4,103,17,14
2017-09-04,612,1331,1792,685,518,569,1209,1665,663,501,43,122,127,22,17
2017-09-05,622,1382,1788,697,518,489,1339,1724,683,500,133,43,64,14,18
2017-09-06,622,1582,1745,697,518,485,1468,1684,686,491,137,114,61,11,27
2017-09-07,626,1582,1751,707,518,568,1529,1638,691,498,58,53,113,16,20
2017-09-08,626,1711,1739,697,518,479,1651,1652,688,502,147,60,87,9,16
2017-09-09,618,1711,1729,696,518,555,1695,1669,691,505,63,16,60,5,13
2017-09-10,586,1821,1751,726,518,477,1801,1702,704,503,109,20,49,22,15
2017-09-11,571,1941,1815,727,518,471,1919,1745,715,507,100,22,70,12,11
2017-09-12,586,1927,1814,731,518,564,1904,1710,711,501,22,23,104,20,17
2017-09-13,610,1711,1729,696,518,472,1722,1671,688,508,138,-11,58,8,10
2017-09-14,610,1711,1729,696,518,472,1718,1670,691,503,138,-7,59,5,15
2017-09-15,610,1711,1729,696,518,470,1720,1680,684,506,140,-9,49,12,12
2017-09-16,610,1711,1729,696,518,552,1721,1672,686,508,58,-10,57,10,10
2017-09-17,610,1711,1729,696,518,556,1723,1679,688,512,54,-12,50,8,6
2017-09-18,610,1711,1729,696,518,474,1735,1660,686,510,136,-24,69,10,8
2017-09-19,610,1711,1729,696,518,474,1727,1676,686,506,136,-16,53,10,12
2017-09-20,602,1711,1729,696,518,476,1733,1675,687,506,126,-22,54,9,12
2017-09-21,602,1791,1729,696,518,472,1738,1681,684,511,130,53,48,12,7
2017-09-22,602,1791,1739,696,518,475,1730,1683,688,511,127,61,56,8,7
2017-09-23,602,1791,1739,696,518,556,1729,1669,687,511,46,62,70,9,7
2017-09-24,602,1791,1739,696,518,553,1729,1681,687,511,49,62,58,9,7
2017-09-25,602,1791,1739,696,518,475,1732,1688,692,511,127,59,51,4,7
2017-09-26,602,1791,1739,696,518,475,1755,1675,690,512,127,36,64,6,6
2017-09-27,594,1791,1739,696,518,474,1772,1676,685,512,120,19,63,11,6
2017-09-28,594,1821,1739,696,518,474,1789,1692,683,513,120,32,47,13,5
2017-09-29,594,1821,1739,696,518,476,1777,1676,685,513,118,44,63,11,5
2017-09-30,594,1821,1739,696,518,551,1776,1674,681,512,43,45,65,15,6
2017-10-01,582,1150,1716,697,518,460,1043,1609,653,498,122,107,107,44,20
2017-10-02,582,1156,1772,697,518,540,1089,1677,650,497,42,67,95,47,21
2017-10-03,582,1156,1780,685,518,542,1155,1693,671,501,40,1,87,14,17
2017-10-04,612,1331,1792,685,518,488,1236,1678,667,499,124,95,114,18,19
2017-10-05,622,1382,1788,697,518,489,1356,1722,681,510,133,26,66,16,8
2017-10-06,622,1582,1745,697,518,567,1469,1676,688,489,55,113,69,9,29
2017-10-07,626,1582,1747,707,518,486,1512,1661,689,499,140,70,86,18,19
2017-10-08,626,1711,1729,697,518,480,1642,1651,689,509,146,69,78,8,9
2017-10-09,618,1711,1729,696,518,556,1705,1674,687,509,62,6,55,9,9
2017-10-10,586,1861,1751,726,518,477,1805,1691,703,510,109,56,60,23,8
2017-10-11,571,1941,1815,727,518,555,1911,1739,714,510,16,30,76,13,8
2017-10-12,586,1927,1814,731,518,554,1896,1711,712,501,32,31,103,19,17
2017-10-13,586,1861,1751,727,518,555,1812,1668,703,509,31,49,83,24,9
2017-10-14,586,1861,1751,727,518,557,1818,1684,707,512,29,43,67,20,6
2017-10-15,586,1861,1751,727,518,557,1805,1712,711,513,29,56,39,16,5
2017-10-16,586,1861,1751,727,518,477,1805,1712,712,511,109,56,39,15,7
2017-10-17,586,1861,1751,727,518,476,1804,1706,715,507,110,57,45,12,11
2017-10-18,586,1861,1751,727,518,474,1813,1711,715,511,112,48,40,12,7
2017-10-19,586,1861,1751,727,518,476,1844,1710,715,514,110,17,41,12,4
2017-10-20,586,1861,1751,727,518,549,1868,1689,711,510,37,-7,62,16,8
2017-10-21,586,1861,1751,727,518,562,1873,1695,710,513,24,-12,56,17,5
2017-10-22,586,1861,1751,727,518,561,1875,1703,713,514,25,-14,48,14,4
2017-10-23,586,1861,1751,727,518,476,1874,1707,716,515,110,-13,44,11,3
2017-10-24,586,1901,1751,727,518,478,1886,1705,718,512,108,15,46,9,6
2017-10-25,586,1901,1751,727,518,478,1894,1708,716,517,108,7,43,11,1
2017-10-26,586,1901,1751,727,518,478,1889,1707,714,513,108,12,44,13,5
2017-10-27,586,1901,1751,727,518,563,1896,1682,719,512,23,5,69,8,6
2017-10-28,586,1901,1751,727,518,560,1890,1699,719,513,26,11,52,8,5
2017-10-29,586,1901,1751,727,518,554,1886,1693,721,510,32,15,58,6,8
2017-10-30,586,1901,1751,727,518,479,1888,1708,717,514,107,13,43,10,4
2017-10-31,586,1901,1751,727,518,480,1882,1657,713,503,106,19,94,14,15
2017-11-01,582,1150,1746,697,518,459,1046,1614,674,504,123,104,132,23,14
2017-11-02,582,1156,1772,697,518,540,1090,1668,648,494,42,66,104,49,24
2017-11-03,582,1156,1780,685,518,543,1148,1712,673,500,39,8,68,12,18
2017-11-04,612,1331,1792,685,518,488,1248,1685,665,507,124,83,107,20,11
2017-11-05,622,1382,1788,697,518,492,1359,1718,687,508,130,23,70,10,10
2017-11-06,622,1582,1745,697,518,569,1463,1671,690,489,53,119,74,7,29
2017-11-07,626,1582,1747,707,518,490,1500,1664,679,500,136,82,83,28,18
2017-11-08,626,1711,1729,697,518,483,1615,1667,692,510,143,96,62,5,8
2017-11-09,618,1711,1729,696,518,471,1703,1677,691,510,147,8,52,5,8
2017-11-10,586,1861,1751,726,518,477,1784,1700,709,506,109,77,51,17,12
2017-11-11,571,1941,1815,727,518,555,1926,1739,716,514,16,15,76,11,4
2017-11-12,586,1927,1814,731,518,480,1914,1704,701,501,106,13,110,30,17
2017-11-13,571,1941,1815,727,518,474,1933,1746,713,510,97,8,69,14,8
2017-11-14,571,1941,1814,727,518,472,1935,1745,718,511,99,6,69,9,7
2017-11-15,571,1941,1814,727,518,469,1941,1733,719,510,102,0,81,8,8
2017-11-16,571,1941,1814,727,518,471,1943,1734,719,510,100,-2,80,8,8
2017-11-17,571,1941,1814,727,518,549,1943,1732,717,508,22,-2,82,10,10
2017-11-18,571,1941,1814,727,518,554,1942,1730,718,514,17,-1,84,9,4
2017-11-19,571,1941,1814,727,518,552,1933,1724,722,511,19,8,90,5,7
2017-11-20,571,1941,1814,727,518,471,1942,1735,722,509,100,-1,79,5,9
2017-11-21,571,1941,1814,727,518,470,1935,1728,722,505,101,6,86,5,13
2017-11-22,571,1941,1814,727,518,470,1950,1719,720,513,101,-9,95,7,5
2017-11-23,571,1941,1814,727,518,472,1950,1728,713,514,99,-9,86,14,4
2017-11-24,571,1941,1814,727,518,551,1958,1730,714,511,20,-17,84,13,7
2017-11-25,571,1941,1814,727,518,551,1958,1726,716,512,20,-17,88,11,6
2017-11-26,571,1941,1814,727,518,542,1962,1732,719,511,29,-21,82,8,7
2017-11-27,571,1941,1814,727,518,469,1974,1720,720,509,102,-33,94,7,9
2017-11-28,584,1927,1814,727,518,482,1958,1711,715,508,102,-31,103,12,10
2017-11-29,584,1927,1814,731,518,478,1953,1706,721,505,106,-26,108,10,13
2017-11-30,584,1927,1814,731,518,476,1946,1698,716,501,108,-19,116,15,17
2017-12-01,582,1156,1746,697,518,457,1051,1634,675,501,125,105,112,22,17
2017-12-02,582,1156,1772,697,518,535,1091,1675,654,489,47,65,97,43,29
2017-12-03,582,1156,1780,685,518,543,1149,1681,672,505,39,7,99,13,13
2017-12-04,612,1331,1792,685,518,487,1260,1693,667,501,125,71,99,18,17
2017-12-05,622,1382,1788,697,518,573,1364,1703,688,507,49,18,85,9,11
2017-12-06,622,1582,1745,697,518,482,1471,1695,684,487,140,111,50,13,31
2017-12-07,626,1582,1747,707,518,490,1507,1664,679,496,136,75,83,28,22
2017-12-08,626,1711,1729,697,518,564,1609,1657,691,507,62,102,72,6,11
2017-12-09,618,1711,1729,696,518,472,1712,1680,688,510,146,-1,49,8,8
2017-12-10,586,1861,1751,727,518,477,1800,1701,704,511,109,61,50,23,7
2017-12-11,571,1941,1815,727,518,550,1926,1748,713,511,21,15,67,14,7
2017-12-12,586,1927,1820,731,518,483,1940,1721,710,505,103,-13,99,21,13
2017-12-13,611,1925,1820,757,518,497,1948,1730,737,506,114,-23,90,20,12
2017-12-14,611,1925,1820,757,518,496,1949,1723,739,506,115,-24,97,18,12
2017-12-15,611,1925,1820,757,518,577,1946,1717,740,510,34,-21,103,17,8
2017-12-16,611,1925,1820,757,518,579,1945,1714,742,513,32,-20,106,15,5
2017-12-17,611,1925,1820,757,518,581,1941,1717,745,506,30,-16,103,12,12
2017-12-18,611,1925,1820,757,518,502,1919,1707,743,513,109,6,113,14,5
2017-12-19,611,1925,1820,757,518,502,1930,1691,747,508,109,-5,129,10,10
2017-12-20,611,1925,1820,757,525,501,1929,1700,735,512,110,-4,120,22,13
2017-12-21,611,1925,1820,757,525,504,1966,1688,733,510,107,-41,132,24,15
2017-12-22,611,2030,1822,767,525,575,1973,1678,730,510,36,57,144,37,15
2017-12-23,611,2030,1822,767,525,590,1975,1684,737,516,21,55,138,30,9
2017-12-24,611,2030,1822,767,525,582,1972,1678,740,512,29,58,144,27,13
2017-12-25,611,2030,1822,767,525,508,1980,1695,744,513,103,50,127,23,12
2017-12-26,611,2030,1822,767,525,507,1974,1724,749,515,104,56,98,18,10
2017-12-27,611,2030,1822,767,525,506,1979,1721,751,514,105,51,101,16,11
2017-12-28,611,2030,1822,767,525,505,1975,1741,756,518,106,55,81,11,7
2017-12-29,611,2030,1822,767,525,585,1976,1713,745,515,26,54,109,22,10
2017-12-30,611,2030,1822,767,525,590,1969,1714,750,514,21,61,108,17,11
2017-12-31,611,2030,1822,767,525,584,1964,1707,751,514,27,66,115,16,11
2018-01-01,611,2030,1822,767,525,502,1968,1719,751,510,109,62,103,16,15
2018-01-02,611,2030,1822,767,525,509,1960,1731,750,512,102,70,91,17,13
2018-01-03,611,2030,1822,767,525,507,1978,1727,751,516,104,52,95,16,9
2018-01-04,611,2034,1822,773,525,509,1969,1735,753,515,102,65,87,20,10
2018-01-05,611,2034,1822,775,525,582,1981,1736,754,513,29,53,86,21,12
2018-01-06,611,2034,1822,775,525,585,1972,1706,751,512,26,62,116,24,13
2018-01-07,611,2034,1822,775,525,574,1977,1723,749,513,37,57,99,26,12
2018-01-08,611,2034,1882,775,525,505,2023,1732,749,516,106,11,150,26,9
2018-01-09,611,2034,1882,775,525,503,2020,1737,757,515,108,14,145,18,10
2018-01-10,615,2034,1882,775,525,506,2021,1737,758,517,109,13,145,17,8
2018-01-11,604,2074,1882,775,525,511,2009,1738,762,514,93,65,144,13,11
2018-01-12,604,2076,1882,775,525,578,2040,1760,759,517,26,36,122,16,8
2018-01-13,604,2076,1882,775,525,583,2057,1760,764,522,21,19,122,11,3
2018-01-14,604,2076,1882,775,525,576,2054,1753,765,519,28,22,129,10,6
2018-01-15,604,2076,1894,775,525,511,2068,1757,767,519,93,8,137,8,6
2018-01-16,604,2076,1894,775,525,511,2081,1759,763,514,93,-5,135,12,11
2018-01-17,604,2076,1894,775,525,510,2093,1774,763,512,94,-17,120,12,13
2018-01-18,604,2076,1894,775,525,506,2115,1767,757,517,98,-39,127,18,8
2018-01-19,609,2076,1883,775,525,575,2110,1779,760,518,34,-34,104,15,7
2018-01-20,609,2076,1883,775,525,584,2112,1757,761,521,25,-36,126,14,4
2018-01-21,609,2076,1883,775,525,588,2131,1759,764,519,21,-55,124,11,6
2018-01-22,609,2151,1888,775,525,513,2117,1764,767,515,96,34,124,8,10
2018-01-23,609,2154,1888,775,525,513,2119,1767,764,516,96,35,121,11,9
2018-01-24,610,2154,1888,778,525,512,2133,1768,768,516,98,21,120,10,9
2018-01-25,610,2154,1888,778,525,511,2146,1771,769,516,99,8,117,9,9
2018-01-26,610,2187,1888,783,525,570,2196,1772,762,520,40,-9,116,21,5
2018-01-27,610,2187,1888,783,525,583,2196,1758,757,515,27,-9,130,26,10
2018-01-28,610,2187,1888,783,525,588,2201,1778,761,517,22,-14,110,22,8
2018-01-29,610,2187,1888,783,525,510,2242,1780,774,520,100,-55,108,9,5
2018-01-30,610,2187,1888,783,525,508,2249,1767,764,515,102,-62,121,19,10
2018-01-31,613,2187,1899,783,525,511,2230,1730,764,517,102,-43,169,19,8
2018-02-01,613,2187,1899,783,525,514,2181,1750,762,515,99,6,149,21,10
2018-02-02,613,2187,1911,783,525,579,2158,1769,765,515,34,29,142,18,10
2018-02-03,613,2187,1911,783,525,580,2158,1753,775,517,33,29,158,8,8
2018-02-04,613,2187,1911,783,525,587,2187,1745,775,517,26,0,166,8,8
2018-02-05,613,2187,1919,783,525,505,2188,1765,774,516,108,-1,154,9,9
2018-02-06,613,2187,1919,783,525,516,2195,1779,768,519,97,-8,140,15,6
2018-02-07,613,2227,1919,783,525,517,2236,1792,770,518,96,-9,127,13,7
2018-02-08,619,2227,1919,783,525,513,2212,1767,769,520,106,15,152,14,5
2018-02-09,625,2227,1919,783,525,596,2200,1769,770,516,29,27,150,13,9
2018-02-10,625,2244,1919,783,525,608,2179,1755,768,519,17,65,164,15,6
2018-02-11,625,2261,1919,783,525,603,2177,1759,773,516,22,84,160,10,9
2018-02-12,625,2278,1927,783,525,521,2221,1777,774,514,104,57,150,9,11
2018-02-13,631,2278,1927,783,525,528,2228,1769,776,518,103,50,158,7,7
2018-02-14,636,2278,1927,783,525,524,2252,1788,761,514,112,26,139,22,11
2018-02-15,636,2278,1927,783,525,527,2246,1778,769,517,109,32,149,14,8
2018-02-16,636,2278,1927,783,525,613,2245,1774,765,522,23,33,153,18,3
2018-02-17,636,2278,1927,783,525,612,2238,1779,772,520,24,40,148,11,5
2018-02-18,636,2278,1927,783,525,600,2243,1766,770,516,36,35,161,13,9
2018-02-19,636,2278,1927,783,525,522,2254,1775,772,521,114,24,152,11,4
2018-02-20,636,2278,1927,787,528,535,2256,1771,775,520,101,22,156,12,8
2018-02-21,636,2278,1927,787,528,534,2264,1791,771,513,102,14,136,16,15
2018-02-22,636,2278,1927,787,528,531,2269,1775,779,515,105,9,152,8,13
2018-02-23,636,2278,1927,787,528,595,2282,1753,776,520,41,-4,174,11,8
2018-02-24,636,2278,1927,787,528,600,2284,1758,782,519,36,-6,169,5,9
2018-02-25,636,2278,1927,787,528,607,2287,1777,780,517,29,-9,150,7,11
2018-02-26,636,2278,1927,787,528,529,2293,1787,774,514,107,-15,140,13,14
2018-02-27,636,2299,1927,787,528,528,2293,1770,771,514,108,6,157,16,14
2018-02-28,636,2299,1927,787,528,532,2275,1737,775,513,104,24,190,12,15
2018-03-01,648,2334,1927,787,528,537,2270,1773,767,515,111,64,154,20,13
2018-03-02,648,2322,1927,787,528,593,2259,1775,774,511,55,63,152,13,17
2018-03-03,648,2322,1927,787,528,617,2262,1787,774,513,31,60,140,13,15
2018-03-04,648,2322,1927,787,528,609,2221,1758,774,515,39,101,169,13,13
2018-03-05,648,2446,1927,787,528,533,2204,1789,773,510,115,242,138,14,18
2018-03-06,635,2273,1927,787,528,537,2241,1802,771,508,98,32,125,16,20
2018-03-07,635,2273,1927,787,528,539,2291,1790,773,506,96,-18,137,14,22
2018-03-08,635,2293,1927,787,528,533,2311,1800,777,511,102,-18,127,10,17
2018-03-09,637,2337,1927,787,528,614,2334,1798,771,515,23,3,129,16,13
2018-03-10,637,2357,1927,787,528,617,2339,1769,775,513,20,18,158,12,15
2018-03-11,637,2377,1927,787,528,610,2368,1777,773,512,27,9,150,14,16
2018-03-12,637,2377,1927,787,528,531,2389,1805,774,518,106,-12,122,13,10
2018-03-13,637,2427,1927,787,528,537,2400,1809,772,517,100,27,118,15,11
2018-03-14,637,2463,1927,787,528,536,2428,1800,772,517,101,35,127,15,11
2018-03-15,637,2489,1927,787,528,536,2441,1794,770,520,101,48,133,17,8
2018-03-16,637,2513,1927,786,528,616,2432,1802,771,519,21,81,125,15,9
2018-03-17,637,2529,1927,786,528,624,2439,1791,771,518,13,90,136,15,10
2018-03-18,637,2529,1927,786,528,616,2438,1789,772,510,21,91,138,14,18
2018-03-19,637,2541,1927,786,528,537,2455,1788,769,505,100,86,139,17,23
2018-03-20,653,2553,1927,786,528,535,2486,1794,766,507,118,67,133,20,21
2018-03-21,660,2565,1927,786,528,557,2500,1796,745,505,103,65,131,41,23
2018-03-22,668,2577,1927,786,528,560,2504,1799,754,507,108,73,128,32,21
2018-03-23,668,2589,1927,786,528,646,2517,1783,739,512,22,72,144,47,16
2018-03-24,668,2589,1927,786,528,646,2516,1797,744,516,22,73,130,42,12
2018-03-25,668,2589,1927,786,528,639,2519,1790,745,515,29,70,137,41,13
2018-03-26,668,2601,1927,786,528,571,2540,1804,742,509,97,61,123,44,19
2018-03-27,668,2613,1927,786,528,569,2549,1781,738,513,99,64,146,48,15
2018-03-28,668,2625,1927,786,528,568,2551,1775,746,505,100,74,152,40,23
2018-03-29,668,2637,1927,786,528,564,2566,1775,740,512,104,71,152,46,16
2018-03-30,668,2637,1927,786,528,641,2552,1768,746,515,27,85,159,40,13
2018-03-31,668,2637,1927,786,528,643,2546,1747,745,517,25,91,180,41,11
2018-04-01,668,2637,1927,786,528,645,2547,1759,745,512,23,90,168,41,16
2018-04-02,668,2637,1927,786,528,561,2549,1749,746,510,107,88,178,40,18
2018-04-03,668,2649,1927,786,528,563,2559,1781,740,506,105,90,146,46,22
2018-04-04,668,2661,1927,786,528,563,2535,1776,737,503,105,126,151,49,25
2018-04-05,668,2673,1927,786,528,565,2541,1781,736,502,103,132,146,50,26
2018-04-06,668,2685,1927,754,528,647,2551,1770,743,512,21,134,157,11,16
2018-04-07,668,2685,1927,754,528,651,2554,1771,735,511,17,131,156,19,17
2018-04-08,668,2685,1927,754,528,650,2568,1779,742,509,18,117,148,12,19
2018-04-09,668,2697,1927,754,528,569,2596,1782,742,512,99,101,145,12,16
2018-04-10,668,2697,1927,754,528,572,2604,1786,741,517,96,93,141,13,11
2018-04-11,668,2697,1927,754,528,569,2613,1791,745,515,99,84,136,9,13
2018-04-12,668,2697,1927,754,528,568,2643,1775,743,515,100,54,152,11,13
2018-04-13,668,2697,1926,754,528,651,2660,1774,748,510,17,37,152,6,18
2018-04-14,668,2697,1926,754,528,656,2665,1772,746,512,12,32,154,8,16
2018-04-15,668,2697,1926,754,528,657,2671,1791,745,514,11,26,135,9,14
2018-04-16,668,2697,1926,754,528,573,2709,1803,746,515,95,-12,123,8,13
2018-04-17,668,2697,1926,754,528,567,2723,1803,743,506,101,-26,123,11,22
2018-04-18,668,2761,1926,754,528,571,2726,1789,746,514,97,35,137,8,14
2018-04-19,668,2773,1926,754,528,574,2762,1780,747,512,94,11,146,7,16
2018-04-20,668,2785,1926,754,528,648,2762,1785,742,514,20,23,141,12,14
2018-04-21,668,2797,1926,754,528,652,2772,1788,739,512,16,25,138,15,16
2018-04-22,668,2809,1926,754,528,657,2779,1781,737,514,11,30,145,17,14
2018-04-23,668,2821,1926,754,528,569,2782,1806,744,508,99,39,120,10,20
2018-04-24,668,2829,1926,754,528,568,2820,1808,750,514,100,9,118,4,14
2018-04-25,668,2841,1926,754,528,571,2827,1803,747,513,97,14,123,7,15
2018-04-26,668,2857,1926,754,528,571,2858,1797,742,516,97,-1,129,12,12
2018-04-27,668,2919,1926,754,528,649,2855,1767,743,518,19,64,159,11,10
2018-04-28,668,2931,1926,754,528,651,2852,1782,741,518,17,79,144,13,10
2018-04-29,668,2939,1926,754,528,656,2855,1769,741,520,12,84,157,13,8
2018-04-30,668,2939,1926,754,528,571,2849,1791,735,512,97,90,135,19,16
2018-05-01,668,2969,1926,754,528,563,2856,1791,739,514,105,113,135,15,14
2018-05-02,668,2969,1926,754,528,565,2869,1771,741,514,103,100,155,13,14
2018-05-03,668,2969,1926,754,528,568,2862,1774,747,516,100,107,152,7,12
2018-05-04,668,3001,1926,754,528,644,2857,1792,740,513,24,144,134,14,15
2018-05-05,668,3013,1926,754,528,644,2854,1791,743,517,24,159,135,11,11
2018-05-06,668,3025,1926,754,528,643,2864,1796,744,511,25,161,130,10,17
2018-05-07,668,3069,1926,752,528,563,2861,1801,747,509,105,208,125,5,19
2018-05-08,668,3093,1926,752,528,565,2870,1810,747,512,103,223,116,5,16
2018-05-09,668,3117,1926,752,528,566,2892,1796,744,509,102,225,130,8,19
2018-05-10,668,3089,1926,752,528,565,2907,1826,743,511,103,182,100,9,17
2018-05-11,668,3097,1926,752,528,647,2952,1808,738,513,21,145,118,14,15
2018-05-12,668,3097,1926,752,528,649,2958,1816,737,519,19,139,110,15,9
2018-05-13,668,3097,1926,752,528,649,2969,1809,741,518,19,128,117,11,10
2018-05-14,668,3097,1926,752,528,564,2982,1845,743,512,104,115,81,9,16
2018-05-15,668,3097,1926,752,528,564,3001,1832,740,513,104,96,94,12,15
2018-05-16,668,3097,1926,752,528,564,3008,1840,740,515,104,89,86,12,13
2018-05-17,668,3097,1926,752,528,564,2999,1829,743,506,104,98,97,9,22
2018-05-18,668,3122,1926,750,528,634,2993,1831,734,513,34,129,95,16,15
2018-05-19,668,3122,1926,750,528,642,2984,1825,734,516,26,138,101,16,12
2018-05-20,668,3122,1926,750,528,645,2974,1822,738,517,23,148,104,12,11
2018-05-21,668,3122,1926,750,528,567,2973,1843,736,517,101,149,83,14,11
2018-05-22,668,3122,1926,750,528,565,2997,1857,737,517,103,125,69,13,11
2018-05-23,668,3122,1926,746,528,568,3013,1841,732,518,100,109,85,14,10
2018-05-24,668,3147,1925,743,528,565,3011,1831,732,516,103,136,94,11,12
2018-05-25,668,3147,1925,743,528,638,3016,1831,735,517,30,131,94,8,11
2018-05-26,668,3147,1925,743,528,638,3008,1837,732,518,30,139,88,11,10
2018-05-27,668,3147,1925,743,528,646,3001,1835,733,517,22,146,90,10,11
2018-05-28,668,3147,1924,742,528,564,3005,1828,734,511,104,142,96,8,17
2018-05-29,668,3147,1923,742,528,565,3009,1819,729,517,103,138,104,13,11
2018-05-30,668,3147,1923,741,528,563,3013,1816,731,517,105,134,107,10,11
2018-05-31,668,3172,1923,741,528,564,3022,1811,733,507,104,150,112,8,21
2018-06-01,668,3172,1923,740,528,561,2973,1812,721,514,107,199,111,19,14
2018-06-02,668,3172,1923,740,528,625,2959,1788,716,513,43,213,135,24,15
2018-06-03,668,3172,1923,740,528,621,2949,1806,719,509,47,223,117,21,19
2018-06-04,668,3172,1922,740,528,541,2937,1818,724,507,127,235,104,16,21
2018-06-05,668,3172,1921,740,528,541,2938,1828,719,505,127,234,93,21,23
2018-06-06,668,3172,1931,740,528,539,2931,1821,714,507,129,241,110,26,21
2018-06-07,668,3172,1931,740,528,538,2931,1828,719,508,130,241,103,21,20
2018-06-08,668,3172,1931,740,528,536,2919,1803,719,511,132,253,128,21,17
2018-06-09,668,3172,1931,740,528,614,2899,1795,719,511,54,273,136,21,17
2018-06-10,668,3172,1931,740,528,613,2890,1801,718,506,55,282,130,22,22
2018-06-11,668,3172,1931,740,528,540,2867,1808,720,508,128,305,123,20,20
2018-06-12,668,3172,1931,740,528,541,2869,1803,724,511,127,303,128,16,17
2018-06-13,668,3172,1931,740,528,545,2862,1813,727,511,123,310,118,13,17
2018-06-14,668,3172,1931,740,528,542,2868,1808,732,513,126,304,123,8,15
2018-06-15,668,3172,1931,740,528,543,2872,1788,726,517,125,300,143,14,11
2018-06-16,668,3172,1931,740,528,597,2873,1761,729,517,71,299,170,11,11
2018-06-17,668,3172,1931,740,528,614,2865,1778,730,515,54,307,153,10,13
2018-06-18,668,3148,1930,740,528,543,2873,1796,727,515,125,275,134,13,13
2018-06-19,668,3148,1930,740,528,538,2892,1793,731,509,130,256,137,9,19
2018-06-20,668,3148,1930,740,528,538,2895,1787,725,509,130,253,143,15,19
2018-06-21,668,3148,1930,740,528,542,2898,1796,734,509,126,250,134,6,19
2018-06-22,668,3148,1930,740,528,538,2911,1815,734,514,130,237,115,6,14
2018-06-23,668,3148,1930,740,528,607,2905,1808,736,513,61,243,122,4,15
2018-06-24,668,3148,1930,740,528,615,2905,1807,731,513,53,243,123,9,15
2018-06-25,668,3148,1930,740,528,537,2912,1800,733,511,131,236,130,7,17
2018-06-26,668,3148,1913,740,528,537,2933,1800,731,508,131,215,113,9,20
2018-06-27,658,3148,1913,740,528,538,2942,1803,734,511,120,206,110,6,17
2018-06-28,658,3148,1913,740,528,539,2932,1811,729,513,119,216,102,11,15
2018-06-29,658,3148,1913,740,528,546,2937,1783,720,516,112,211,130,20,12
2018-06-30,658,3148,1913,740,528,594,2950,1777,729,517,64,198,136,11,11
2018-07-01,658,3148,1913,740,528,608,2943,1790,731,517,50,205,123,9,11
2018-07-02,658,3148,1913,740,528,604,2922,1801,730,513,54,226,112,10,15
2018-07-03,658,3148,1913,740,528,605,2872,1771,731,512,53,276,142,9,16
2018-07-04,658,3148,1913,740,528,604,2838,1741,733,509,54,310,172,7,19
2018-07-05,658,3148,1913,740,528,601,2839,1758,728,511,57,309,155,12,17
2018-07-06,658,3148,1858,740,528,547,2833,1731,734,506,111,315,127,6,22
2018-07-07,658,3148,1858,740,528,604,2820,1717,730,511,54,328,141,10,17
2018-07-08,658,3148,1858,740,528,614,2805,1738,730,510,44,343,120,10,18
2018-07-09,658,3148,1858,740,528,546,2831,1729,730,507,112,317,129,10,21
2018-07-10,658,3148,1858,740,528,551,2822,1729,729,510,107,326,129,11,18
2018-07-11,658,3148,1858,740,528,549,2832,1738,727,509,109,316,120,13,19
2018-07-12,658,3148,1858,740,528,547,2846,1742,726,512,111,302,116,14,16
2018-07-13,658,3148,1839,740,528,546,2862,1738,723,518,112,286,101,17,10
2018-07-14,658,3148,1839,740,528,617,2863,1730,733,517,41,285,109,7,11
2018-07-15,658,3148,1839,740,528,616,2846,1730,735,516,42,302,109,5,12
2018-07-16,658,3148,1839,740,528,553,2847,1758,730,510,105,301,81,10,18
2018-07-17,658,3148,1839,740,528,551,2855,1771,732,509,107,293,68,8,19
2018-07-18,658,3148,1839,740,528,553,2866,1764,733,512,105,282,75,7,16
2018-07-19,658,3148,1839,740,528,554,2870,1764,727,510,104,278,75,13,18
2018-07-20,658,3148,1839,740,528,553,2837,1752,726,513,105,311,87,14,15
2018-07-21,658,3148,1839,740,528,623,2836,1749,727,514,35,312,90,13,14
2018-07-22,658,3148,1839,740,528,628,2852,1749,728,506,30,296,90,12,22
2018-07-23,693,3148,1838,740,528,580,2856,1767,728,512,113,292,71,12,16
2018-07-24,693,3148,1838,740,528,579,2878,1775,722,511,114,270,63,18,17
2018-07-25,693,3148,1838,740,528,576,2888,1762,730,515,117,260,76,10,13
2018-07-26,693,3148,1838,740,528,577,2898,1771,727,516,116,250,67,13,12
2018-07-27,693,3148,1838,740,528,579,2899,1758,727,514,114,249,80,13,14
2018-07-28,693,3148,1838,740,528,649,2894,1746,725,516,44,254,92,15,12
2018-07-29,693,3148,1838,740,528,646,2886,1759,727,508,47,262,79,13,20
2018-07-30,693,3148,1838,740,528,577,2904,1777,729,511,116,244,61,11,17
2018-07-31,693,3148,1838,740,528,575,2890,1743,730,507,118,258,95,10,21
2018-08-01,708,3148,1837,740,528,588,2845,1716,728,502,120,303,121,12,26
2018-08-02,706,3148,1833,740,528,593,2839,1755,723,506,113,309,78,17,22
2018-08-03,706,3172,1833,740,528,595,2829,1760,730,510,111,343,73,10,18
2018-08-04,706,3172,1833,740,528,660,2807,1752,720,508,46,365,81,20,20
2018-08-05,706,3172,1833,740,528,678,2831,1750,725,509,28,341,83,15,19
2018-08-06,706,3172,1833,740,528,600,2842,1777,732,509,106,330,56,8,19
2018-08-07,706,3172,1832,740,528,596,2874,1794,724,513,110,298,38,16,15
2018-08-08,706,3172,1832,740,528,605,2887,1787,727,510,101,285,45,13,18
2018-08-09,706,3172,1832,740,528,603,2875,1779,729,504,103,297,53,11,24
2018-08-10,706,3172,1832,740,528,602,2861,1785,723,510,104,311,47,17,18
2018-08-11,706,3172,1832,740,528,680,2867,1754,720,509,26,305,78,20,19
2018-08-12,706,3172,1832,740,528,682,2889,1773,713,510,24,283,59,27,18
2018-08-13,706,3188,1831,740,528,604,2840,1778,722,502,102,348,53,18,26
2018-08-14,706,3188,1831,740,528,600,2843,1786,723,505,106,345,45,17,23
2018-08-15,706,3208,1831,740,528,602,2838,1786,728,510,104,370,45,12,18
2018-08-16,706,3208,1831,740,528,604,2829,1792,730,511,102,379,39,10,17
2018-08-17,706,3208,1831,740,528,601,2810,1795,727,509,105,398,36,13,19
2018-08-18,706,3208,1831,740,528,681,2793,1770,719,504,25,415,61,21,24
2018-08-19,706,3208,1831,740,528,689,2813,1768,727,510,17,395,63,13,18
2018-08-20,706,3228,1831,740,528,605,2813,1787,727,509,101,415,44,13,19
2018-08-21,706,3228,1831,740,528,604,2818,1800,725,504,102,410,31,15,24
2018-08-22,706,3228,1831,740,528,602,2852,1801,731,508,104,376,30,9,20
2018-08-23,706,3228,1831,740,528,605,2869,1796,730,509,101,359,35,10,19
2018-08-24,706,3248,1831,740,528,608,2883,1783,725,514,98,365,48,15,14
2018-08-25,706,3248,1831,740,528,679,2890,1774,725,514,27,358,57,15,14
2018-08-26,706,3248,1831,740,528,684,2892,1778,722,514,22,356,53,18,14
2018-08-27,706,3248,1830,740,528,605,2902,1781,728,511,101,346,49,12,17
2018-08-28,706,3248,1830,740,528,602,2898,1772,727,513,104,350,58,13,15
2018-08-29,706,3248,1830,740,528,608,2900,1786,730,513,98,348,44,10,15
2018-08-30,706,3268,1830,740,528,604,2894,1784,729,511,102,374,46,11,17
2018-08-31,706,3268,1830,740,528,605,2899,1768,729,509,101,369,62,11,19
2018-09-01,706,3268,1830,740,528,673,2878,1736,724,513,33,390,94,16,15
2018-09-02,706,3268,1830,740,528,675,2870,1750,727,510,31,398,80,13,18
2018-09-03,706,3268,1830,740,528,603,2873,1745,731,508,103,395,85,9,20
2018-09-04,706,3268,1830,740,528,609,2871,1763,718,507,97,397,67,22,21
2018-09-05,706,3276,1830,740,528,608,2848,1753,731,504,98,428,77,9,24
2018-09-06,706,3276,1830,740,528,607,2853,1772,727,505,99,423,58,13,23
2018-09-07,706,3276,1830,740,528,605,2867,1776,728,506,101,409,54,12,22
2018-09-08,706,3276,1830,740,528,688,2863,1766,728,509,18,413,64,12,19
2018-09-09,706,3276,1830,740,528,689,2873,1774,726,505,17,403,56,14,23
2018-09-10,706,3276,1830,740,528,602,2868,1789,730,508,104,408,41,10,20
2018-09-11,706,3276,1830,740,528,603,2876,1793,725,505,103,400,37,15,23
2018-09-12,706,3276,1830,740,528,606,2868,1784,725,503,100,408,46,15,25
2018-09-13,706,3276,1830,740,528,607,2869,1794,726,502,99,407,36,14,26
2018-09-14,706,3276,1834,740,528,607,2860,1790,725,503,99,416,44,15,25
2018-09-15,706,3276,1834,740,528,681,2858,1773,723,503,25,418,61,17,25
2018-09-16,706,3276,1834,740,528,678,2861,1780,724,497,28,415,54,16,31
2018-09-17,706,3276,1834,740,525,600,2840,1784,720,499,106,436,50,20,26
2018-09-18,706,3276,1834,740,525,602,2845,1790,726,499,104,431,44,14,26
2018-09-19,706,3276,1834,740,525,603,2865,1781,725,500,103,411,53,15,25
2018-09-20,706,3276,1834,740,525,606,2860,1788,723,501,100,416,46,17,24
2018-09-21,706,3276,1830,740,525,611,2876,1794,724,507,95,400,36,16,18
2018-09-22,706,3276,1830,740,525,693,2885,1789,729,508,13,391,41,11,17
2018-09-23,706,3276,1830,740,525,688,2903,1782,728,506,18,373,48,12,19
2018-09-24,706,3276,1830,740,525,607,2913,1783,726,509,99,363,47,14,16
2018-09-25,706,3276,1830,740,525,610,2928,1791,725,509,96,348,39,15,16
2018-09-26,706,3276,1830,740,525,613,2937,1787,722,509,93,339,43,18,16
2018-09-27,706,3276,1830,740,525,608,2935,1786,722,509,98,341,44,18,16
2018-09-28,706,3276,1830,740,525,611,2949,1782,725,512,95,327,48,15,13
2018-09-29,706,3276,1830,740,525,682,2960,1768,721,506,24,316,62,19,19
2018-09-30,706,3276,1830,740,525,687,2951,1780,725,509,19,325,50,15,16
2018-10-01,706,3284,1830,740,528,603,2941,1782,724,513,103,343,48,16,15
2018-10-02,706,3284,1830,740,528,607,2914,1784,730,509,99,370,46,10,19
2018-10-03,706,3284,1830,740,528,606,2866,1772,731,513,100,418,58,9,15
2018-10-04,706,3284,1830,740,528,608,2881,1786,724,514,98,403,44,16,14
2018-10-05,706,3284,1830,740,528,607,2863,1787,729,521,99,421,43,11,7
2018-10-06,706,3284,1830,740,528,689,2893,1772,731,519,17,391,58,9,9
2018-10-07,706,3284,1830,740,528,686,2883,1780,730,521,20,401,50,10,7
2018-10-08,706,3284,1830,740,528,608,2881,1782,731,520,98,403,48,9,8
2018-10-09,706,3284,1828,739,528,603,2889,1785,731,517,103,395,43,8,11
2018-10-10,706,3284,1824,739,528,607,2878,1780,724,515,99,406,44,15,13
2018-10-11,706,3284,1824,739,528,604,2919,1786,731,522,102,365,38,8,6
2018-10-12,706,3284,1814,739,528,605,2919,1787,730,522,101,365,27,9,6
2018-10-13,706,3284,1814,739,528,688,2915,1786,730,520,18,369,28,9,8
2018-10-14,706,3284,1814,739,528,685,2925,1782,730,522,21,359,32,9,6
2018-10-15,706,3245,1829,739,528,605,2904,1795,728,520,101,341,34,11,8
2018-10-16,706,3245,1833,739,528,601,2913,1803,730,522,105,332,30,9,6
2018-10-17,706,3245,1833,739,528,600,2915,1811,734,519,106,330,22,5,9
2018-10-18,706,3245,1833,739,528,603,2924,1805,734,522,103,321,28,5,6
2018-10-19,706,3245,1833,739,528,600,2953,1809,728,524,106,292,24,11,4
2018-10-20,706,3245,1833,739,528,685,2945,1814,733,526,21,300,19,6,2
2018-10-21,706,3245,1833,739,528,688,2950,1809,736,525,18,295,24,3,3
2018-10-22,706,3245,1833,739,528,602,2940,1815,734,523,104,305,18,5,5
2018-10-23,706,3245,1833,739,528,599,2954,1811,729,526,107,291,22,10,2
2018-10-24,706,3245,1833,739,528,606,2948,1815,729,523,100,297,18,10,5
2018-10-25,706,3245,1833,739,528,607,2939,1807,728,524,99,306,26,11,4
2018-10-26,706,3245,1833,739,528,606,2946,1802,723,527,100,299,31,16,1
2018-10-27,706,3245,1833,739,528,684,2947,1803,730,526,22,298,30,9,2
2018-10-28,706,3245,1833,739,528,689,2940,1805,732,523,17,305,28,7,5
2018-10-29,706,3245,1833,739,528,607,2928,1808,732,522,99,317,25,7,6
2018-10-30,706,3245,1833,739,528,604,2935,1809,731,521,102,310,24,8,7
2018-10-31,706,3245,1833,739,528,602,2923,1793,724,525,104,322,40,15,3
2018-11-01,706,3280,1833,739,528,603,2911,1789,725,522,103,369,44,14,6
2018-11-02,706,3248,1830,739,528,598,2895,1794,727,524,108,353,36,12,4
2018-11-03,706,3248,1830,739,528,670,2896,1791,724,524,36,352,39,15,4
2018-11-04,706,3248,1830,739,528,668,2892,1797,727,521,38,356,33,12,7
2018-11-05,706,3248,1830,739,528,598,2877,1799,727,524,108,371,31,12,4
2018-11-06,706,3248,1830,739,528,598,2886,1791,727,518,108,362,39,12,10
2018-11-07,706,3248,1830,739,528,605,2886,1800,728,522,101,362,30,11,6
2018-11-08,706,3272,1830,739,528,603,2918,1800,725,525,103,354,30,14,3
2018-11-09,706,3296,1826,739,528,604,2925,1803,728,525,102,371,23,11,3
2018-11-10,706,3300,1826,739,528,688,2919,1799,729,522,18,381,27,10,6
2018-11-11,706,3312,1826,739,528,689,2925,1795,727,521,17,387,31,12,7
2018-11-12,706,3324,1826,739,528,606,2940,1794,730,516,100,384,32,9,12
2018-11-13,706,3324,1826,739,528,605,2941,1799,727,518,101,383,27,12,10
2018-11-14,706,3324,1826,739,528,604,2946,1802,730,523,102,378,24,9,5
2018-11-15,706,3352,1826,739,528,603,2917,1787,724,518,103,435,39,15,10
2018-11-16,706,3296,1821,739,528,597,2935,1775,725,522,109,361,46,14,6
2018-11-17,706,3296,1821,739,528,677,2953,1752,721,520,29,343,69,18,8
2018-11-18,706,3296,1821,739,528,677,2953,1758,722,523,29,343,63,17,5
2018-11-19,706,3296,1821,739,528,600,2963,1769,724,524,106,333,52,15,4
2018-11-20,706,3296,1821,739,528,603,2951,1768,730,522,103,345,53,9,6
2018-11-21,706,3296,1806,739,528,601,2959,1783,730,521,105,337,23,9,7
2018-11-22,706,3296,1806,739,528,597,2964,1790,730,519,109,332,16,9,9
2018-11-23,706,3296,1806,739,528,599,2964,1786,732,520,107,332,20,7,8
2018-11-24,706,3296,1806,739,528,674,2981,1760,731,523,32,315,46,8,5
2018-11-25,706,3296,1806,739,528,676,2986,1763,732,522,30,310,43,7,6
2018-11-26,706,3296,1805,739,528,606,3005,1773,734,524,100,291,32,5,4
2018-11-27,706,3296,1805,739,528,605,3009,1795,728,521,101,287,10,11,7
2018-11-28,706,3296,1805,739,528,605,3010,1792,727,519,101,286,13,12,9
2018-11-29,706,3296,1805,739,528,599,3016,1778,728,520,107,280,27,11,8
2018-11-30,706,3296,1802,739,528,600,3022,1763,727,523,106,274,39,12,5
2018-12-01,706,3316,1802,739,528,672,2997,1741,723,521,34,319,61,16,7
2018-12-02,706,3336,1802,739,528,670,2996,1745,727,517,36,340,57,12,11
2018-12-03,706,3356,1802,739,528,604,2976,1756,726,517,102,380,46,13,11
2018-12-04,706,3356,1802,739,528,603,2986,1769,731,511,103,370,33,8,17
2018-12-05,706,3376,1802,739,528,604,2981,1776,725,512,102,395,26,14,16
2018-12-06,706,3376,1802,739,528,605,2979,1785,724,521,101,397,17,15,7
2018-12-07,706,3376,1802,739,528,604,2968,1775,730,521,102,408,27,9,7
2018-12-08,706,3376,1802,739,528,680,2978,1758,727,519,26,398,44,12,9
2018-12-09,706,3376,1802,739,528,677,3005,1766,724,520,29,371,36,15,8
2018-12-10,706,3381,1802,739,528,604,2978,1785,723,519,102,403,17,16,9
2018-12-11,706,3381,1802,739,528,605,3012,1782,723,520,101,369,20,16,8
2018-12-12,706,3381,1802,739,528,608,3026,1778,724,521,98,355,24,15,7
2018-12-13,706,3381,1801,739,528,607,3035,1769,728,521,99,346,32,11,7
2018-12-14,706,3381,1801,739,528,609,3044,1768,729,518,97,337,33,10,10
2018-12-15,706,3405,1801,749,528,687,3046,1744,727,524,19,359,57,22,4
2018-12-16,706,3429,1811,749,528,687,3045,1744,727,523,19,384,67,22,5
2018-12-17,706,3429,1816,754,528,606,3046,1754,727,521,100,383,62,27,7
2018-12-18,706,3429,1815,754,528,607,3067,1745,726,519,99,362,70,28,9
2018-12-19,706,3429,1815,754,528,613,3095,1752,729,522,93,334,63,25,6
2018-12-20,706,3429,1815,754,528,611,3103,1756,728,520,95,326,59,26,8
2018-12-21,706,3429,1828,756,528,607,3116,1755,743,516,99,313,73,13,12
2018-12-22,706,3429,1828,756,528,660,3118,1734,745,513,46,311,94,11,15
2018-12-23,706,3429,1828,756,528,648,3092,1754,741,517,58,337,74,15,11
2018-12-24,706,3429,1828,756,528,598,3084,1755,741,515,108,345,73,15,13
2018-12-25,706,3429,1828,756,528,602,3101,1754,747,519,104,328,74,9,9
2018-12-26,706,3429,1828,756,528,607,3105,1760,747,517,99,324,68,9,11
2018-12-27,706,3429,1828,756,528,601,3089,1765,745,518,105,340,63,11,10
2018-12-28,706,3429,1828,756,528,603,3097,1762,745,521,103,332,66,11,7
2018-12-29,706,3429,1828,756,528,674,3099,1770,745,523,32,330,58,11,5
2018-12-30,706,3429,1828,756,528,672,3096,1749,746,515,34,333,79,10,13
2018-12-31,706,3429,1828,756,528,609,3100,1759,749,521,97,329,69,7,7
2019-01-01,706,3429,1828,756,528,607,3098,1770,745,520,99,331,58,11,8
2019-01-02,706,3429,1828,756,528,601,3090,1769,753,519,105,339,59,3,9
2019-01-03,706,3429,1828,756,528,600,3076,1772,743,516,106,353,56,13,12
2019-01-04,706,3429,1828,756,528,606,3074,1762,744,519,100,355,66,12,9
2019-01-05,706,3429,1828,756,528,681,3072,1746,746,518,25,357,82,10,10
2019-01-06,706,3429,1828,756,528,676,3087,1760,746,518,30,342,68,10,10
2019-01-07,706,3429,1828,756,528,604,3083,1784,745,507,102,346,44,11,21
2019-01-08,706,3429,1828,756,528,604,3079,1780,742,506,102,350,48,14,22
2019-01-09,706,3429,1828,756,528,602,3100,1786,745,517,104,329,42,11,11
2019-01-10,706,3429,1828,756,528,602,3126,1783,751,522,104,303,45,5,6
2019-01-11,706,3429,1828,756,528,605,3125,1788,749,520,101,304,40,7,8
2019-01-12,706,3429,1828,756,528,680,3124,1781,747,521,26,305,47,9,7
2019-01-13,706,3429,1828,756,528,683,3125,1767,748,517,23,304,61,8,11
2019-01-14,706,3429,1826,756,528,600,3108,1781,748,520,106,321,45,8,8
2019-01-15,706,3429,1826,756,528,604,3098,1780,746,518,102,331,46,10,10
2019-01-16,706,3429,1826,756,528,605,3091,1778,751,519,101,338,48,5,9
2019-01-17,706,3429,1826,756,528,606,3118,1789,747,520,100,311,37,9,8
2019-01-18,712,3429,1824,756,528,610,3134,1769,748,521,102,295,55,8,7
2019-01-19,718,3429,1824,756,528,688,3135,1787,749,520,30,294,37,7,8
2019-01-20,718,3429,1824,756,528,696,3139,1791,748,519,22,290,33,8,9
2019-01-21,726,3429,1824,758,528,625,3146,1791,750,522,101,283,33,8,6
2019-01-22,726,3429,1824,758,528,622,3166,1784,747,520,104,263,40,11,8
2019-01-23,726,3429,1824,761,528,619,3163,1792,756,518,107,266,32,5,10
2019-01-24,726,3429,1824,765,528,624,3169,1789,756,520,102,260,35,9,8
2019-01-25,726,3429,1824,767,529,623,3162,1795,761,520,103,267,29,6,9
2019-01-26,726,3429,1824,767,532,701,3172,1778,760,520,25,257,46,7,12
2019-01-27,726,3429,1824,767,535,688,3174,1783,755,522,38,255,41,12,13
2019-01-28,726,3429,1824,771,537,619,3180,1788,761,522,107,249,36,10,15
2019-01-29,732,3429,1824,774,538,631,3170,1807,761,520,101,259,17,13,18
2019-01-30,732,3429,1824,777,538,632,3177,1808,761,523,100,252,16,16,15
2019-01-31,732,3429,1824,779,538,629,3182,1805,767,525,103,247,19,12,13
2019-02-01,732,3429,1824,783,538,628,3155,1790,769,526,104,274,34,14,12
2019-02-02,732,3429,1824,783,541,689,3139,1775,769,524,43,290,49,14,17
2019-02-03,732,3429,1824,783,544,691,3122,1757,765,521,41,307,67,18,23
2019-02-04,732,3429,1824,786,545,630,3091,1766,771,523,102,338,58,15,22
2019-02-05,732,3429,1824,789,544,633,3090,1765,775,521,99,339,59,14,23
2019-02-06,732,3429,1824,792,544,624,3095,1790,781,523,108,334,34,11,21
2019-02-07,732,3429,1824,794,543,626,3091,1773,783,527,106,338,51,11,16
2019-02-08,732,3429,1824,796,543,628,3080,1775,779,527,104,349,49,17,16
2019-02-09,732,3429,1824,796,543,708,3103,1765,780,525,24,326,59,16,18
2019-02-10,732,3429,1824,796,543,710,3112,1773,785,529,22,317,51,11,14
2019-02-11,732,3429,1824,796,543,629,3097,1773,788,535,103,332,51,8,8
2019-02-12,732,3429,1824,796,543,634,3119,1797,790,538,98,310,27,6,5
2019-02-13,732,3429,1824,796,543,635,3133,1794,788,534,97,296,30,8,9
2019-02-14,732,3429,1824,796,543,635,3135,1779,784,532,97,294,45,12,11
2019-02-15,732,3429,1824,796,543,634,3111,1788,783,532,98,318,36,13,11
2019-02-16,732,3429,1824,796,543,712,3103,1767,782,530,20,326,57,14,13
2019-02-17,732,3429,1824,796,543,715,3103,1766,784,527,17,326,58,12,16
2019-02-18,732,3429,1824,796,543,631,3104,1783,786,530,101,325,41,10,13
2019-02-19,732,3429,1824,796,543,628,3088,1783,783,530,104,341,41,13,13
2019-02-20,732,3429,1824,796,543,625,3116,1782,787,530,107,313,42,9,13
2019-02-21,730,3423,1816,796,543,628,3138,1780,781,533,102,285,36,15,10
2019-02-22,730,3423,1816,796,543,630,3126,1771,784,532,100,297,45,12,11
2019-02-23,730,3423,1816,796,543,709,3126,1756,787,530,21,297,60,9,13
2019-02-24,730,3423,1816,796,543,710,3128,1758,790,529,20,295,58,6,14
2019-02-25,730,3423,1826,796,543,626,3120,1790,791,527,104,303,36,5,16
2019-02-26,730,3423,1826,796,543,627,3104,1783,783,534,103,319,43,13,9
2019-02-27,730,3423,1826,796,543,628,3114,1781,789,529,102,309,45,7,14
2019-02-28,730,3423,1826,796,543,628,3130,1757,782,526,102,293,69,14,17
2019-03-01,730,3423,1826,796,543,618,3088,1775,784,525,112,335,51,12,18
2019-03-02,730,3423,1826,796,543,696,3069,1760,780,525,34,354,66,16,18
2019-03-03,730,3423,1826,796,543,698,3059,1768,784,527,32,364,58,12,16
2019-03-04,730,3423,1826,796,543,626,3041,1791,786,531,104,382,35,10,12
2019-03-05,730,3423,1826,796,543,627,3067,1781,790,530,103,356,45,6,13
2019-03-06,730,3423,1826,796,543,625,3082,1800,792,529,105,341,26,4,14
2019-03-07,730,3423,1826,796,543,625,3082,1800,791,531,105,341,26,5,12
2019-03-08,725,3423,1821,796,543,623,3085,1784,789,528,102,338,37,7,15
2019-03-09,725,3423,1821,796,543,701,3096,1768,785,529,24,327,53,11,14
2019-03-10,725,3423,1821,796,543,704,3104,1770,787,531,21,319,51,9,12
2019-03-11,725,3423,1821,796,543,624,3108,1795,783,531,101,315,26,13,12
2019-03-12,725,3423,1821,796,543,622,3107,1795,787,534,103,316,26,9,9
2019-03-13,725,3423,1819,796,543,621,3112,1796,791,534,104,311,23,5,9
2019-03-14,725,3423,1819,796,543,621,3120,1790,788,533,104,303,29,8,10
2019-03-15,725,3423,1819,796,543,619,3101,1789,786,532,106,322,30,10,11
2019-03-16,725,3423,1819,796,543,702,3114,1754,789,526,23,309,65,7,17
2019-03-17,725,3423,1819,796,543,700,3124,1768,788,526,25,299,51,8,17
2019-03-18,725,3423,1819,796,543,617,3107,1796,788,529,108,316,23,8,14
2019-03-19,725,3499,1819,796,543,616,3119,1784,787,528,109,380,35,9,15
2019-03-20,725,3499,1819,796,543,617,3145,1787,789,528,108,354,32,7,15
2019-03-21,725,3499,1819,796,543,619,3155,1781,789,532,106,344,38,7,11
2019-03-22,725,3499,1819,796,543,621,3173,1786,786,532,104,326,33,10,11
2019-03-23,725,3499,1819,796,543,699,3177,1768,790,533,26,322,51,6,10
2019-03-24,725,3499,1819,796,543,700,3170,1781,786,534,25,329,38,10,9
2019-03-25,725,3499,1819,796,543,622,3175,1782,788,533,103,324,37,8,10
2019-03-26,725,3499,1811,796,543,620,3168,1779,792,527,105,331,32,4,16
2019-03-27,720,3499,1811,796,543,620,3180,1779,792,532,100,319,32,4,11
2019-03-28,718,3499,1808,796,543,616,3196,1782,788,528,102,303,26,8,15
2019-03-29,718,3499,1808,796,543,612,3202,1754,779,528,106,297,54,17,15
2019-03-30,718,3499,1808,796,543,687,3197,1744,782,528,31,302,64,14,15
2019-03-31,718,3499,1808,796,543,681,3192,1762,779,518,37,307,46,17,25
2019-04-01,718,3499,1808,796,543,607,3088,1761,785,517,111,411,47,11,26
2019-04-02,716,3499,1803,796,543,609,3102,1761,784,518,107,397,42,12,25
2019-04-03,716,3499,1803,796,543,609,3128,1755,792,523,107,371,48,4,20
2019-04-04,716,3499,1803,796,543,613,3143,1747,787,524,103,356,56,9,19
2019-04-05,713,3519,1796,796,543,614,3168,1748,786,528,99,351,48,10,15
2019-04-06,713,3519,1796,796,543,696,3173,1726,789,531,17,346,70,7,12
2019-04-07,713,3519,1796,796,543,696,3182,1746,791,526,17,337,50,5,17
2019-04-08,713,3519,1796,796,543,610,3177,1752,789,532,103,342,44,7,11
2019-04-09,711,3519,1796,796,543,610,3184,1761,792,531,101,335,35,4,12
2019-04-10,761,3519,1796,846,543,609,3189,1762,785,532,152,330,34,61,11
2019-04-11,761,3519,1783,846,543,620,3203,1764,811,531,141,316,19,35,12
2019-04-12,761,3519,1783,846,543,647,3201,1761,820,529,114,318,22,26,14
2019-04-13,761,3519,1783,846,543,727,3209,1762,819,531,34,310,21,27,12
2019-04-14,761,3519,1783,846,543,730,3211,1765,812,532,31,308,18,34,11
2019-04-15,761,3519,1878,846,543,651,3183,1750,815,527,110,336,128,31,16
2019-04-16,751,3519,1776,846,543,646,3171,1756,825,532,105,348,20,21,11
2019-04-17,761,3519,1776,846,543,653,3187,1753,824,534,108,332,23,22,9
2019-04-18,761,3535,1788,846,543,653,3197,1758,829,529,108,338,30,17,14
2019-04-19,761,3535,1788,846,543,659,3212,1757,837,530,102,323,31,9,13
2019-04-20,761,3535,1788,846,543,741,3231,1758,837,527,20,304,30,9,16
2019-04-21,761,3535,1788,846,543,738,3232,1745,834,528,23,303,43,12,15
2019-04-22,761,3535,1788,846,543,657,3233,1756,836,533,104,302,32,10,10
2019-04-23,761,3535,1788,846,543,657,3229,1755,827,527,104,306,33,19,16
2019-04-24,761,3535,1788,846,543,652,3230,1759,830,526,109,305,29,16,17
2019-04-25,761,3535,1788,846,543,657,3250,1759,825,526,104,285,29,21,17
2019-04-26,761,3535,1788,846,543,661,3256,1758,825,526,100,279,30,21,17
2019-04-27,761,3535,1788,846,543,737,3263,1758,832,524,24,272,30,14,19
2019-04-28,761,3535,1788,846,543,729,3265,1758,834,522,32,270,30,12,21
2019-04-29,761,3535,1788,846,543,657,3268,1757,831,525,104,267,31,15,18
2019-04-30,761,3619,1788,846,543,652,3260,1742,832,520,109,359,46,14,23
2019-05-01,757,3619,1788,846,543,649,3161,1750,835,521,108,458,38,11,22
2019-05-02,757,3619,1788,846,543,646,3135,1756,832,520,111,484,32,14,23
2019-05-03,757,3619,1788,846,543,649,3154,1758,838,517,108,465,30,8,26
2019-05-04,757,3619,1780,846,543,719,3151,1724,831,517,38,468,56,15,26
2019-05-05,757,3619,1780,846,543,717,3185,1733,832,518,40,434,47,14,25
2019-05-06,757,3619,1780,846,543,652,3191,1755,842,522,105,428,25,4,21
2019-05-07,757,3619,1780,846,543,658,3171,1761,832,514,99,448,19,14,29
2019-05-08,757,3619,1780,846,543,650,3178,1752,833,523,107,441,28,13,20
2019-05-09,757,3619,1780,846,543,658,3181,1752,836,518,99,438,28,10,25
2019-05-10,758,3619,1780,846,543,654,3192,1752,834,525,104,427,28,12,18
2019-05-11,758,3619,1776,846,543,724,3188,1745,830,521,34,431,31,16,22
2019-05-12,758,3619,1776,846,543,736,3190,1758,837,524,22,429,18,9,19
2019-05-13,758,3619,1776,846,543,659,3189,1754,841,517,99,430,22,5,26
2019-05-14,758,3619,1776,846,543,657,3208,1759,839,509,101,411,17,7,34
2019-05-15,758,3619,1776,846,543,655,3191,1755,838,515,103,428,21,8,28
2019-05-16,758,3619,1776,846,543,661,3192,1757,835,514,97,427,19,11,29
2019-05-17,758,3619,1776,846,543,663,3185,1750,831,514,95,434,26,15,29
2019-05-18,758,3619,1776,846,543,741,3202,1732,834,524,17,417,44,12,19
2019-05-19,758,3619,1776,846,543,734,3203,1739,831,522,24,416,37,15,21
2019-05-20,758,3619,1776,846,543,661,3206,1748,838,523,97,413,28,8,20
2019-05-21,758,3619,1776,846,543,662,3201,1748,835,518,96,418,28,11,25
2019-05-22,758,3619,1776,846,543,662,3217,1752,840,518,96,402,24,6,25
2019-05-23,763,3619,1776,846,543,664,3216,1741,834,524,99,403,35,12,19
2019-05-24,768,3619,1776,846,543,667,3222,1760,836,525,101,397,16,10,18
2019-05-25,776,3619,1771,846,543,741,3234,1754,841,522,35,385,17,5,21
2019-05-26,776,3619,1771,846,543,742,3224,1750,840,524,34,395,21,6,19
2019-05-27,781,3619,1771,846,543,677,3243,1758,836,523,104,376,13,10,20
2019-05-28,781,3619,1771,846,543,679,3274,1756,840,525,102,345,15,6,18
2019-05-29,786,3619,1771,846,543,679,3279,1754,842,527,107,340,17,4,16
2019-05-30,786,3613,1771,846,543,679,3277,1753,839,525,107,336,18,7,18
2019-05-31,706,3613,1771,846,543,678,3245,1723,837,521,28,368,48,9,22
2019-06-01,706,3613,1771,846,543,679,3210,1737,839,517,27,403,34,7,26
2019-06-02,706,3613,1771,846,543,681,3191,1740,839,507,25,422,31,7,36
2019-06-03,711,3493,1771,846,543,679,3173,1737,838,518,32,320,34,8,25
2019-06-04,716,3489,1771,846,543,687,3165,1739,839,518,29,324,32,7,25
2019-06-05,716,3489,1771,846,543,685,3177,1739,837,515,31,312,32,9,28
2019-06-06,722,3489,1771,846,543,687,3175,1745,838,513,35,314,26,8,30
2019-06-07,754,3477,1771,854,543,716,3160,1744,836,511,38,317,27,18,32
2019-06-08,754,3477,1771,854,543,720,3165,1747,835,511,34,312,24,19,32
2019-06-09,754,3477,1771,854,543,727,3170,1745,841,510,27,307,26,13,33
2019-06-10,754,3477,1771,854,543,730,3156,1736,840,511,24,321,35,14,32
2019-06-11,764,3473,1771,856,543,724,3154,1730,842,508,40,319,41,14,35
2019-06-12,764,3473,1811,856,543,742,3157,1741,847,505,22,316,70,9,38
2019-06-13,764,3473,1811,856,543,743,3155,1758,849,508,21,318,53,7,35
2019-06-14,764,3473,1811,856,543,746,3148,1776,848,507,18,325,35,8,36
2019-06-15,764,3340,1811,856,543,747,3126,1779,845,513,17,214,32,11,30
2019-06-16,764,3340,1811,856,543,747,3127,1781,843,510,17,213,30,13,33
2019-06-17,764,3308,1811,856,543,744,3125,1778,845,514,20,183,33,11,29
2019-06-18,764,3304,1811,856,543,748,3138,1780,845,513,16,166,31,11,30
2019-06-19,764,3312,1811,856,543,744,3139,1783,846,518,20,173,28,10,25
2019-06-20,764,3312,1811,856,543,745,3142,1784,850,517,19,170,27,6,26
2019-06-21,764,3316,1811,856,543,746,3150,1777,852,517,18,166,34,4,26
2019-06-22,764,3316,1811,856,543,746,3156,1780,849,522,18,160,31,7,21
2019-06-23,764,3316,1811,856,543,748,3155,1783,853,527,16,161,28,3,16
2019-06-24,764,3324,1811,856,543,739,3146,1778,848,529,25,178,33,8,14
2019-06-25,764,3324,1811,856,543,741,3156,1775,843,525,23,168,36,13,18
2019-06-26,764,3320,1811,856,543,740,3165,1776,848,525,24,155,35,8,18
2019-06-27,764,3312,1816,856,543,739,3163,1780,849,523,25,149,36,7,20
2019-06-28,764,3312,1811,856,543,734,3168,1770,853,529,30,144,41,3,14
2019-06-29,764,3312,1811,856,543,730,3181,1769,848,527,34,131,42,8,16
2019-06-30,764,3312,1811,856,543,736,3156,1775,849,530,28,156,36,7,13
2019-07-01,764,3312,1811,856,543,734,3134,1776,847,527,30,178,35,9,16
2019-07-02,764,3312,1811,856,543,735,3084,1774,847,528,29,228,37,9,15
2019-07-03,764,3284,1811,856,543,727,3072,1779,851,524,37,212,32,5,19
2019-07-04,764,3244,1811,856,543,731,3081,1776,848,526,33,163,35,8,17
2019-07-05,764,3244,1811,856,543,735,3042,1773,850,530,29,202,38,6,13
2019-07-06,764,3244,1811,856,543,743,3058,1776,852,528,21,186,35,4,15
2019-07-07,764,3244,1811,856,543,735,3055,1781,853,533,29,189,30,3,10
2019-07-08,763,3244,1811,856,543,726,3043,1777,851,528,37,201,34,5,15
2019-07-09,763,3236,1811,856,543,729,3045,1784,853,528,34,191,27,3,15
2019-07-10,763,3204,1811,856,543,728,3060,1785,852,532,35,144,26,4,11
2019-07-11,763,3204,1811,856,543,734,3058,1781,851,534,29,146,30,5,9
2019-07-12,763,3208,1811,856,543,728,3049,1786,852,531,35,159,25,4,12
2019-07-13,763,3208,1811,856,543,726,3045,1782,849,534,37,163,29,7,9
2019-07-14,763,3208,1811,856,543,732,3040,1779,851,529,31,168,32,5,14
2019-07-15,763,3208,1811,856,543,730,3014,1775,845,520,33,194,36,11,23
2019-07-16,763,3208,1811,856,543,727,3034,1772,850,525,36,174,39,6,18
2019-07-17,763,3200,1811,856,543,722,3057,1778,849,527,41,143,33,7,16
2019-07-18,763,3200,1811,856,543,726,3068,1776,848,528,37,132,35,8,15
2019-07-19,763,3200,1811,856,543,719,3077,1780,847,533,44,123,31,9,10
2019-07-20,763,3200,1811,856,543,722,3074,1773,851,530,41,126,38,5,13
2019-07-21,763,3200,1811,856,543,718,3061,1784,847,529,45,139,27,9,14
2019-07-22,763,3200,1811,856,543,713,3051,1753,850,530,50,149,58,6,13
2019-07-23,763,3212,1811,856,543,715,3054,1780,850,527,48,158,31,6,16
2019-07-24,763,3212,1811,856,543,709,3053,1774,850,530,54,159,37,6,13
2019-07-25,763,3212,1811,856,543,714,3068,1778,849,528,49,144,33,7,15
2019-07-26,763,3217,1811,856,543,705,3070,1778,846,531,58,147,33,10,12
2019-07-27,763,3217,1811,856,543,709,3068,1777,852,529,54,149,34,4,14
2019-07-28,763,3217,1811,856,543,710,3070,1781,851,527,53,147,30,5,16
2019-07-29,763,3213,1811,856,543,702,3071,1776,850,531,61,142,35,6,12
2019-07-30,763,3213,1811,856,543,704,3053,1759,850,532,59,160,52,6,11
2019-07-31,763,3253,1808,856,543,698,3060,1755,849,532,65,193,53,7,11
2019-08-01,720,3241,1808,856,543,691,3048,1751,849,531,29,193,57,7,12
2019-08-02,720,3229,1808,856,543,695,3043,1776,847,533,25,186,32,9,10
2019-08-03,720,3229,1808,856,543,703,3027,1771,849,531,17,202,37,7,12
2019-08-04,720,3229,1808,856,543,697,3025,1762,849,528,23,204,46,7,15
2019-08-05,720,3229,1808,856,543,700,3034,1774,850,523,20,195,34,6,20
2019-08-06,720,3241,1808,856,543,706,3035,1770,849,524,14,206,38,7,19
2019-08-07,720,3237,1808,856,543,703,3000,1780,848,524,17,237,28,8,19
2019-08-08,720,3229,1808,856,543,705,2995,1780,847,523,15,234,28,9,20
2019-08-09,720,3229,1808,856,543,709,2993,1778,850,523,11,236,30,6,20
2019-08-10,720,3229,1808,856,543,709,3001,1784,851,528,11,228,24,5,15
2019-08-11,720,3229,1808,856,543,707,3006,1782,851,529,13,223,26,5,14
2019-08-12,720,3229,1808,856,543,705,3008,1783,848,526,15,221,25,8,17
2019-08-13,720,3229,1808,856,543,706,3027,1780,851,522,14,202,28,5,21
2019-08-14,720,3221,1808,856,543,711,3025,1782,852,519,9,196,26,4,24
2019-08-15,720,3217,1808,856,543,708,2991,1782,848,522,12,226,26,8,21
2019-08-16,720,3209,1808,856,543,704,2993,1784,850,523,16,216,24,6,20
2019-08-17,720,3209,1808,856,543,703,2999,1783,852,523,17,210,25,4,20
2019-08-18,720,3209,1808,856,543,704,3000,1780,855,523,16,209,28,1,20
2019-08-19,720,3197,1808,856,543,703,2999,1784,851,518,17,198,24,5,25
2019-08-20,720,3189,1806,856,543,702,3001,1782,854,519,18,188,24,2,24
2019-08-21,720,3189,1806,856,543,703,2996,1784,853,524,17,193,22,3,19
2019-08-22,720,3189,1810,856,543,701,3002,1786,850,520,19,187,24,6,23
2019-08-23,720,3177,1804,856,543,705,2992,1780,856,523,15,185,24,0,20
2019-08-24,720,3177,1804,856,543,706,2996,1780,855,522,14,181,24,1,21
2019-08-25,720,3177,1804,856,543,704,2992,1788,855,514,16,185,16,1,29
2019-08-26,720,3177,1804,856,543,701,2978,1784,852,519,19,199,20,4,24
2019-08-27,720,3177,1807,856,543,705,2975,1782,853,525,15,202,25,3,18
2019-08-28,720,3177,1807,856,543,701,2971,1787,853,523,19,206,20,3,20
2019-08-29,720,3177,1807,856,543,702,2964,1781,854,526,18,213,26,2,17
2019-08-30,720,3177,1805,856,543,699,2949,1779,852,527,21,228,26,4,16
2019-08-31,720,3177,1805,856,543,701,2946,1774,853,526,19,231,31,3,17
2019-09-01,720,3177,1805,856,543,697,2864,1772,854,528,23,313,33,2,15
2019-09-02,720,3177,1805,856,543,702,2800,1774,854,530,18,377,31,2,13
2019-09-03,720,3097,1804,856,543,699,2721,1761,851,523,21,376,43,5,20
2019-09-04,720,3097,1804,856,543,699,2720,1753,852,527,21,377,51,4,16
2019-09-05,720,3085,1785,856,543,698,2758,1754,852,524,22,327,31,4,19
2019-09-06,720,3081,1785,856,543,700,2763,1747,850,529,20,318,38,6,14
2019-09-07,720,3081,1785,856,543,702,2765,1736,853,527,18,316,49,3,16
2019-09-08,720,3081,1785,856,543,701,2769,1735,855,523,19,312,50,1,20
2019-09-09,720,3065,1776,856,543,705,2783,1746,853,529,15,282,30,3,14
2019-09-10,720,3059,1776,856,543,705,2794,1740,852,527,15,265,36,4,16
2019-09-11,720,3059,1776,856,543,702,2819,1755,854,529,18,240,21,2,14
2019-09-12,721,3059,1776,856,543,699,2828,1755,852,528,22,231,21,4,15
2019-09-13,721,3059,1776,856,543,707,2833,1757,847,528,14,226,19,9,15
2019-09-14,721,3059,1776,856,543,705,2842,1754,853,526,16,217,22,3,17
2019-09-15,721,3059,1776,856,543,706,2815,1749,852,522,15,244,27,4,21
2019-09-16,721,3065,1776,856,543,705,2831,1748,853,525,16,234,28,3,18
2019-09-17,721,3065,1776,856,543,708,2851,1752,851,530,13,214,24,5,13
2019-09-18,721,3057,1773,856,543,702,2846,1756,851,527,19,211,17,5,16
2019-09-19,721,3057,1773,856,543,710,2840,1752,851,530,11,217,21,5,13
2019-09-20,721,3049,1771,856,543,708,2837,1751,854,534,13,212,20,2,9
2019-09-21,721,3049,1771,856,543,707,2855,1753,855,535,14,194,18,1,8
2019-09-22,721,3049,1771,856,543,709,2855,1751,853,529,12,194,20,3,14
2019-09-23,721,3045,1770,856,543,710,2861,1747,852,531,11,184,23,4,12
2019-09-24,721,3045,1770,856,543,711,2858,1745,851,531,10,187,25,5,12
2019-09-25,721,3045,1770,856,543,709,2860,1744,850,525,12,185,26,6,18
2019-09-26,721,3045,1768,856,543,703,2870,1741,849,528,18,175,27,7,15
2019-09-27,721,3045,1768,856,543,708,2872,1744,853,532,13,173,24,3,11
2019-09-28,721,3045,1768,856,543,706,2873,1749,850,532,15,172,19,6,11
2019-09-29,721,3045,1768,856,543,710,2864,1747,850,531,11,181,21,6,12
2019-09-30,721,3037,1768,856,543,702,2831,1740,846,532,19,206,28,10,11
2019-10-01,721,3037,1768,856,543,701,2776,1741,853,531,20,261,27,3,12
2019-10-02,721,3025,1762,856,543,699,2792,1733,852,531,22,233,29,4,12
2019-10-03,721,3020,1761,856,543,696,2788,1739,853,535,25,232,22,3,8
2019-10-04,727,3020,1764,859,543,695,2776,1739,852,533,32,244,25,7,10
2019-10-05,727,3020,1764,859,543,697,2772,1739,852,529,30,248,25,7,14
2019-10-06,727,3020,1764,859,543,696,2746,1739,851,529,31,274,25,8,14
2019-10-07,727,3024,1764,859,543,699,2728,1738,852,529,28,296,26,7,14
2019-10-08,727,3024,1764,859,543,696,2761,1740,852,531,31,263,24,7,12
2019-10-09,727,2998,1764,859,543,697,2787,1730,851,528,30,211,34,8,15
2019-10-10,727,2998,1764,859,543,703,2776,1739,851,531,24,222,25,8,12
2019-10-11,727,2990,1764,859,543,705,2770,1733,853,534,22,220,31,6,9
2019-10-12,727,2990,1764,859,543,704,2770,1739,854,533,23,220,25,5,10
2019-10-13,727,2990,1764,859,543,703,2774,1736,855,533,24,216,28,4,10
2019-10-14,727,2990,1764,859,543,703,2767,1735,853,530,24,223,29,6,13
2019-10-15,727,2990,1763,859,543,702,2755,1740,855,533,25,235,23,4,10
2019-10-16,727,2982,1763,859,543,706,2762,1743,855,533,21,220,20,4,10
2019-10-17,727,2982,1763,859,543,708,2753,1739,852,531,19,229,24,7,12
2019-10-18,727,2982,1763,859,543,710,2739,1748,851,531,17,243,15,8,12
2019-10-19,727,2982,1763,859,543,708,2751,1749,852,531,19,231,14,7,12
2019-10-20,727,2982,1763,859,543,708,2761,1749,854,531,19,221,14,5,12
2019-10-21,727,2982,1763,859,543,702,2760,1750,855,531,25,222,13,4,12
2019-10-22,727,2978,1763,859,543,704,2752,1749,855,530,23,226,14,4,13
2019-10-23,727,2978,1763,859,543,702,2754,1747,853,526,25,224,16,6,17
2019-10-24,727,2978,1763,859,543,706,2767,1743,855,530,21,211,20,4,13
2019-10-25,735,2978,1767,859,543,717,2779,1751,854,529,18,199,16,5,14
2019-10-26,735,2978,1767,859,543,717,2782,1753,853,527,18,196,14,6,16
2019-10-27,735,2978,1767,859,543,715,2783,1752,854,527,20,195,15,5,16
2019-10-28,735,2979,1767,859,543,719,2780,1752,854,527,16,199,15,5,16
2019-10-29,735,2979,1767,859,543,719,2779,1754,855,522,16,200,13,4,21
2019-10-30,735,2979,1767,859,543,716,2782,1750,852,526,19,197,17,7,17
2019-10-31,735,2979,1767,859,543,720,2772,1746,852,527,15,207,21,7,16
2019-11-01,820,2979,1767,859,543,725,2732,1740,846,527,95,247,27,13,16
2019-11-02,820,2979,1767,859,543,725,2706,1743,847,529,95,273,24,12,14
2019-11-03,820,2979,1767,859,543,726,2699,1741,848,530,94,280,26,11,13
2019-11-04,820,3010,1767,859,543,738,2689,1741,847,529,82,321,26,12,14
2019-11-05,820,3010,1767,859,543,748,2703,1740,844,533,72,307,27,15,10
2019-11-06,819,3010,1767,854,543,761,2694,1737,846,533,58,316,30,8,10
2019-11-07,819,3004,1767,854,543,789,2694,1728,843,532,30,310,39,11,11
2019-11-08,819,3019,1767,854,543,802,2696,1720,843,533,17,323,47,11,10
2019-11-09,819,2996,1767,854,543,801,2694,1732,846,528,18,302,35,8,15
2019-11-10,819,2996,1767,854,543,802,2680,1745,842,529,17,316,22,12,14
2019-11-11,819,2996,1767,854,543,799,2672,1744,847,532,20,324,23,7,11
2019-11-12,819,2996,1773,865,543,796,2641,1751,853,530,23,355,22,12,13
2019-11-13,819,2996,1807,876,543,800,2661,1762,861,530,19,335,45,15,13
2019-11-14,819,2996,1867,881,543,789,2683,1823,866,532,30,313,44,15,11
2019-11-15,819,2996,1876,930,543,800,2681,1838,901,532,19,315,38,29,11
2019-11-16,819,2996,1876,930,543,798,2670,1844,902,531,21,326,32,28,12
2019-11-17,819,2996,1876,930,543,796,2675,1842,909,528,23,321,34,21,15
2019-11-18,819,2996,1876,930,543,799,2654,1854,911,529,20,342,22,19,14
2019-11-19,819,2996,1879,939,543,797,2652,1858,920,530,22,344,21,19,13
2019-11-20,819,3556,1879,939,543,795,2651,1858,917,530,24,905,21,22,13
2019-11-21,815,2927,1879,939,543,791,2646,1862,920,534,24,281,17,19,9
2019-11-22,815,2927,1879,949,543,792,2647,1842,935,533,23,280,37,14,10
2019-11-23,815,2927,1879,951,543,792,2657,1838,938,537,23,270,41,13,6
2019-11-24,815,2927,1879,951,543,794,2644,1855,939,533,21,283,24,12,10
2019-11-25,815,2932,1889,951,543,790,2647,1856,940,533,25,285,33,11,10
2019-11-26,815,2932,1898,951,543,793,2634,1866,943,534,22,298,32,8,9
2019-11-27,815,2932,1905,953,543,794,2642,1868,941,535,21,290,37,12,8
2019-11-28,815,2932,1905,956,543,790,2645,1876,936,532,25,287,29,20,11
2019-11-29,815,2932,1905,974,543,793,2654,1845,941,533,22,278,60,33,10
2019-11-30,815,2932,1905,974,543,795,2642,1852,946,533,20,290,53,28,10
2019-12-01,815,2932,1905,974,543,795,2602,1851,932,529,20,330,54,42,14
2019-12-02,815,2932,1903,974,543,792,2576,1867,936,531,23,356,36,38,12
2019-12-03,815,2932,1903,974,543,796,2582,1867,936,532,19,350,36,38,11
2019-12-04,815,2932,1903,974,543,797,2605,1864,935,529,18,327,39,39,14
2019-12-05,815,2932,1903,974,543,794,2617,1870,935,526,21,315,33,39,17
2019-12-06,815,2932,1904,974,543,794,2601,1870,939,533,21,331,34,35,10
2019-12-07,815,2932,1904,974,543,798,2610,1876,940,533,17,322,28,34,10
2019-12-08,815,2932,1904,974,543,798,2607,1879,940,531,17,325,25,34,12
2019-12-09,815,2932,1904,974,543,791,2603,1873,937,529,24,329,31,37,14
2019-12-10,815,2932,1904,974,543,795,2562,1875,940,516,20,370,29,34,27
2019-12-11,815,2932,1904,974,543,791,2578,1884,942,527,24,354,20,32,16
2019-12-12,815,2932,1904,974,543,793,2578,1881,936,531,22,354,23,38,12
2019-12-13,815,2932,1924,978,543,796,2600,1892,949,534,19,332,32,29,9
2019-12-14,815,2932,1924,978,543,793,2597,1898,949,537,22,335,26,29,6
2019-12-15,815,2932,1924,978,543,793,2608,1899,949,535,22,324,25,29,8
2019-12-16,815,2932,1949,977,543,795,2621,1912,954,527,20,311,37,23,16
2019-12-17,815,2932,1950,981,543,795,2625,1925,956,531,20,307,25,25,12
2019-12-18,815,2932,1950,981,543,795,2630,1927,961,534,20,302,23,20,9
2019-12-19,815,2932,1952,979,543,791,2640,1931,964,531,24,292,21,15,12
2019-12-20,815,2932,1952,979,543,790,2633,1915,956,527,25,299,37,23,16
2019-12-21,815,2932,1952,979,543,794,2636,1903,952,529,21,296,49,27,14
2019-12-22,815,2932,1952,979,543,791,2646,1930,954,528,24,286,22,25,15
2019-12-23,815,2932,1953,979,543,790,2647,1908,956,528,25,285,45,23,15
2019-12-24,815,2932,1953,979,543,782,2653,1924,963,534,33,279,29,16,9
2019-12-25,815,2932,1953,979,543,794,2654,1921,963,534,21,278,32,16,9
2019-12-26,815,2932,1953,979,543,796,2656,1926,966,531,19,276,27,13,12
2019-12-27,815,2932,1953,979,543,796,2680,1923,969,531,19,252,30,10,12
2019-12-28,815,2932,1953,979,543,796,2682,1914,971,532,19,250,39,8,11
2019-12-29,815,2932,1953,979,543,798,2679,1924,970,533,17,253,29,9,10
2019-12-30,815,2932,1954,979,543,795,2686,1920,963,532,20,246,34,16,11
2019-12-31,815,2932,1954,979,543,795,2675,1926,958,536,20,257,28,21,7
